application_id,event_time,customer_id,region_code,product_type,requested_amount,term_months,credit_score,risk_level,decision_status,approved_amount,channel,employee_review_flag,processing_time_sec
app_20260501_000000001,2026-05-04 17:49:56,cust_1625384,ES-MD,bnpl,48000,24,637,medium,rejected,0,partner_api,true,1490
app_20260501_000000002,2026-05-02 20:38:21,cust_7292454,NL-NH,credit_card,74500,6,810,low,approved,59600,mobile,true,1180
app_20260501_000000003,2026-07-19 15:15:03,cust_8510612,DE-NW,bnpl,64000,12,704,medium,approved,57600,call_center,false,22
app_20260501_000000004,2026-05-07 04:02:21,cust_4978736,DE-NW,cash_loan,8500,36,704,medium,approved,7650,partner_api,false,8
app_20260501_000000005,2026-05-11 00:06:08,cust_5567872,FR-IDF,bnpl,8500,48,825,low,approved,8500,call_center,true,996
app_20260501_000000006,2026-05-17 04:42:53,cust_4508425,FR-IDF,credit_card,11000,48,658,medium,approved,8800,partner_api,false,21
app_20260501_000000007,2026-05-07 19:55:47,cust_703620,ES-MD,car_loan,64000,36,775,low,approved,51200,mobile,true,948
app_20260501_000000008,2026-06-04 18:28:57,cust_5169381,DE-BE,bnpl,12000,24,649,medium,approved,10800,call_center,true,1713
app_20260501_000000009,2026-06-27 00:08:18,cust_5674676,DE-BE,bnpl,16500,24,675,medium,rejected,0,branch,false,3
app_20260501_000000010,2026-07-13 05:30:07,cust_570511,DE-BE,credit_card,44500,60,671,medium,manual_review,31149,call_center,true,238
app_20260501_000000011,2026-05-19 20:01:32,cust_5831642,DE-HE,credit_card,76000,36,625,medium,approved,53200,web,false,15
app_20260501_000000012,2026-07-16 01:04:54,cust_3926229,DE-NW,credit_card,7500,18,567,high,rejected,0,web,true,1431
app_20260501_000000013,2026-07-15 09:35:57,cust_8422224,DE-HE,cash_loan,29500,6,687,medium,rejected,0,mobile,false,17
app_20260501_000000014,2026-06-22 23:50:06,cust_5807451,DE-NW,credit_card,66000,12,751,low,manual_review,66000,call_center,true,1245
app_20260501_000000015,2026-07-14 04:45:24,cust_6980851,DE-HH,car_loan,29000,24,620,medium,approved,29000,mobile,true,1334
app_20260501_000000016,2026-05-02 10:20:24,cust_9039671,DE-BY,bnpl,15500,36,710,medium,approved,12400,web,false,11
app_20260501_000000017,2026-07-07 05:47:58,cust_1244060,ES-MD,mortgage,62000,12,672,medium,approved,49600,branch,true,1686
app_20260501_000000018,2026-05-22 16:18:00,cust_4809431,ES-MD,mortgage,27500,48,732,low,approved,19250,call_center,true,367
app_20260501_000000019,2026-06-13 02:43:34,cust_9224657,NL-NH,car_loan,63000,36,591,high,rejected,0,partner_api,true,1791
app_20260501_000000020,2026-05-07 20:14:55,cust_1489873,DE-HH,credit_card,20500,12,850,low,approved,20500,partner_api,true,281
app_20260501_000000021,2026-07-17 01:24:05,cust_1086811,FR-IDF,car_loan,63000,24,657,medium,approved,44100,branch,false,12
app_20260501_000000022,2026-06-18 10:03:01,cust_6130770,DE-BE,car_loan,42000,48,568,high,manual_review,33600,call_center,true,741
app_20260501_000000023,2026-06-01 16:51:17,cust_5066145,NL-NH,credit_card,60000,60,614,high,manual_review,54000,partner_api,true,826
app_20260501_000000024,2026-05-29 12:14:25,cust_2627390,DE-HH,credit_card,7000,12,811,low,approved,6300,partner_api,false,7
app_20260501_000000025,2026-06-19 06:41:15,cust_4283011,DE-BE,bnpl,64500,18,631,medium,approved,45150,web,true,441
app_20260501_000000026,2026-05-11 00:58:19,cust_4285277,DE-BE,credit_card,40000,36,488,high,rejected,0,partner_api,true,1086
app_20260501_000000027,2026-06-08 04:04:33,cust_1797735,DE-HE,car_loan,72500,24,775,low,approved,50750,mobile,true,1387
app_20260501_000000028,2026-05-28 21:19:37,cust_9134612,NL-NH,car_loan,27000,12,705,medium,approved,18900,web,true,239
app_20260501_000000029,2026-06-04 19:51:04,cust_387096,FR-IDF,credit_card,12000,18,736,low,manual_review,9600,mobile,true,439
app_20260501_000000030,2026-06-10 05:45:16,cust_3384354,DE-HH,credit_card,2000,6,672,medium,approved,2000,call_center,false,6
app_20260501_000000031,2026-05-04 19:39:35,cust_6684672,DE-BY,credit_card,79500,48,700,medium,approved,71550,branch,false,11
app_20260501_000000032,2026-06-17 16:44:33,cust_5528054,ES-MD,mortgage,53500,36,645,medium,manual_review,37450,web,true,1419
app_20260501_000000033,2026-06-12 22:58:23,cust_556179,DE-BY,cash_loan,3000,6,521,high,manual_review,2700,call_center,true,961
app_20260501_000000034,2026-05-08 12:27:49,cust_4228195,IT-LAZ,bnpl,16500,24,732,low,approved,16500,web,true,1744
app_20260501_000000035,2026-06-18 04:27:23,cust_192471,IT-LAZ,bnpl,14000,6,671,medium,approved,9800,mobile,false,7
app_20260501_000000036,2026-07-24 09:45:24,cust_1735783,IT-LAZ,bnpl,9000,24,657,medium,approved,8100,partner_api,true,1405
app_20260501_000000037,2026-05-03 04:07:24,cust_396148,ES-MD,cash_loan,37000,6,559,high,manual_review,25900,partner_api,true,1172
app_20260501_000000038,2026-05-02 00:12:23,cust_5017372,DE-HE,mortgage,55500,24,808,low,approved,44400,branch,false,20
app_20260501_000000039,2026-05-04 03:29:05,cust_747710,DE-HH,bnpl,35500,6,756,low,approved,28400,call_center,false,14
app_20260501_000000040,2026-06-02 02:22:17,cust_6004668,IT-LAZ,credit_card,58000,6,756,low,approved,46400,call_center,false,18
app_20260501_000000041,2026-06-11 05:16:36,cust_6838238,DE-BE,mortgage,35000,18,622,medium,manual_review,28000,branch,true,1072
app_20260501_000000042,2026-05-11 12:23:38,cust_9269276,ES-MD,mortgage,80000,60,691,medium,manual_review,56000,call_center,true,1603
app_20260501_000000043,2026-07-15 19:45:59,cust_3201321,FR-IDF,bnpl,2500,48,511,high,approved,2250,branch,true,655
app_20260501_000000044,2026-05-16 01:27:36,cust_138200,DE-NW,credit_card,66500,36,781,low,approved,46550,branch,false,21
app_20260501_000000045,2026-05-30 10:38:44,cust_1027112,DE-NW,credit_card,65000,6,569,high,rejected,0,call_center,true,412
app_20260501_000000046,2026-07-12 09:49:41,cust_1543994,DE-NW,mortgage,19500,12,582,high,manual_review,17550,partner_api,true,118
app_20260501_000000047,2026-06-12 20:03:41,cust_9140992,DE-BY,bnpl,12500,60,840,low,manual_review,8750,branch,true,673
app_20260501_000000048,2026-07-13 04:05:11,cust_6040798,DE-BE,car_loan,48500,36,664,medium,rejected,0,mobile,true,976
app_20260501_000000049,2026-07-13 11:30:17,cust_2531964,ES-MD,bnpl,45500,48,704,medium,approved,36400,partner_api,false,15
app_20260501_000000050,2026-07-29 00:53:54,cust_9747739,DE-HE,credit_card,73000,60,698,medium,manual_review,58400,web,true,705
app_20260501_000000051,2026-07-27 03:18:51,cust_229838,NL-NH,mortgage,70500,18,719,medium,approved,49350,partner_api,true,1365
app_20260501_000000052,2026-05-16 14:45:03,cust_4015651,FR-IDF,credit_card,55500,24,782,low,approved,38850,mobile,false,10
app_20260501_000000053,2026-05-28 21:31:51,cust_691710,DE-HE,mortgage,42500,18,652,medium,manual_review,42500,web,true,832
app_20260501_000000054,2026-05-28 11:17:07,cust_5322879,DE-HE,cash_loan,75500,24,707,medium,approved,75500,call_center,true,1230
app_20260501_000000055,2026-07-21 02:11:34,cust_5855410,DE-BE,bnpl,73500,12,760,low,manual_review,51450,mobile,true,1716
app_20260501_000000056,2026-07-17 16:03:19,cust_5491895,ES-MD,bnpl,4500,24,759,low,approved,3150,partner_api,false,10
app_20260501_000000057,2026-07-05 11:51:06,cust_5243358,DE-HH,mortgage,12500,36,572,high,rejected,0,call_center,true,951
app_20260501_000000058,2026-06-15 13:15:10,cust_796849,DE-HH,cash_loan,12000,24,544,high,rejected,0,branch,true,1609
app_20260501_000000059,2026-05-20 03:02:04,cust_1476756,FR-IDF,credit_card,77000,6,531,high,rejected,0,call_center,true,1108
app_20260501_000000060,2026-05-24 10:49:51,cust_2872679,ES-MD,car_loan,71500,12,735,low,approved,57200,call_center,false,13
app_20260501_000000061,2026-06-23 00:46:28,cust_4746485,IT-LAZ,car_loan,6500,18,758,low,approved,4550,web,false,25
app_20260501_000000062,2026-07-17 23:07:06,cust_9243493,FR-IDF,bnpl,30000,60,701,medium,rejected,0,partner_api,false,15
app_20260501_000000063,2026-06-07 08:13:22,cust_7772698,ES-MD,bnpl,46500,36,850,low,approved,41850,mobile,false,20
app_20260501_000000064,2026-06-24 21:58:12,cust_9544007,DE-NW,cash_loan,4500,48,850,low,approved,3150,web,false,3
app_20260501_000000065,2026-06-20 01:44:49,cust_7385595,IT-LAZ,credit_card,65000,6,843,low,approved,58500,web,false,22
app_20260501_000000066,2026-05-24 15:20:57,cust_5198077,DE-NW,car_loan,12000,18,705,medium,manual_review,12000,partner_api,true,420
app_20260501_000000067,2026-05-02 05:11:28,cust_1432482,DE-HH,mortgage,16500,36,648,medium,approved,16500,mobile,false,25
app_20260501_000000068,2026-07-04 10:18:39,cust_2061038,DE-HH,mortgage,53500,60,676,medium,rejected,0,partner_api,false,3
app_20260501_000000069,2026-06-29 07:33:36,cust_8327594,DE-HE,credit_card,43500,60,725,low,approved,43500,branch,false,5
app_20260501_000000070,2026-06-29 07:04:59,cust_6979935,DE-HE,mortgage,51500,24,660,medium,approved,36050,branch,true,1503
app_20260501_000000071,2026-06-11 14:59:21,cust_6793897,NL-NH,cash_loan,54000,36,755,low,approved,43200,web,false,9
app_20260501_000000072,2026-07-12 09:23:44,cust_2946938,DE-HE,credit_card,73000,6,748,low,approved,58400,mobile,false,9
app_20260501_000000073,2026-06-06 17:42:22,cust_3874856,DE-NW,cash_loan,48000,24,672,medium,approved,43200,mobile,true,1517
app_20260501_000000074,2026-05-05 07:30:21,cust_2236684,DE-NW,credit_card,47000,60,643,medium,approved,42300,call_center,true,1768
app_20260501_000000075,2026-05-05 12:54:37,cust_9222838,DE-BY,bnpl,25000,60,765,low,approved,22500,mobile,false,13
app_20260501_000000076,2026-06-18 15:25:11,cust_8025015,DE-NW,bnpl,65000,6,676,medium,approved,65000,branch,true,838
app_20260501_000000077,2026-07-19 02:16:38,cust_522562,ES-MD,cash_loan,62000,48,710,medium,approved,43400,web,false,22
app_20260501_000000078,2026-06-17 17:40:17,cust_6911037,DE-NW,cash_loan,65000,36,714,medium,approved,52000,call_center,false,16
app_20260501_000000079,2026-07-21 11:05:46,cust_9906037,DE-HE,cash_loan,54500,6,594,high,rejected,0,web,true,1239
app_20260501_000000080,2026-05-30 06:15:51,cust_1337157,IT-LAZ,mortgage,45000,18,557,high,manual_review,40500,mobile,true,499
app_20260501_000000081,2026-07-06 03:42:38,cust_2762218,IT-LAZ,credit_card,21000,60,642,medium,approved,14699,branch,false,15
app_20260501_000000082,2026-07-21 09:44:36,cust_6163236,IT-LAZ,cash_loan,2500,60,651,medium,approved,2500,mobile,false,25
app_20260501_000000083,2026-07-21 09:55:43,cust_217859,IT-LAZ,car_loan,24500,36,659,medium,manual_review,24500,web,true,1775
app_20260501_000000084,2026-07-20 07:46:52,cust_7093353,NL-NH,credit_card,44500,6,726,low,approved,35600,mobile,true,202
app_20260501_000000085,2026-06-26 02:34:03,cust_7703167,DE-BE,bnpl,76000,12,700,medium,approved,76000,mobile,true,162
app_20260501_000000086,2026-05-03 15:01:03,cust_3055418,DE-NW,bnpl,61500,36,639,medium,approved,55350,branch,false,12
app_20260501_000000087,2026-05-21 18:24:16,cust_8992801,DE-BY,bnpl,71000,12,801,low,manual_review,56800,call_center,true,1768
app_20260501_000000088,2026-06-06 14:09:03,cust_3829648,NL-NH,mortgage,45000,48,748,low,approved,36000,call_center,false,21
app_20260501_000000089,2026-07-07 22:38:01,cust_766492,DE-BE,car_loan,17000,18,614,high,approved,11900,branch,true,783
app_20260501_000000090,2026-07-24 18:36:48,cust_7551606,FR-IDF,cash_loan,76000,18,710,medium,approved,76000,partner_api,true,1170
app_20260501_000000091,2026-07-22 19:10:13,cust_5808800,DE-NW,bnpl,37500,6,586,high,manual_review,37500,web,true,729
app_20260501_000000092,2026-06-26 17:49:58,cust_267796,NL-NH,cash_loan,74500,12,800,low,approved,52150,mobile,false,18
app_20260501_000000093,2026-07-21 09:59:31,cust_18727,ES-MD,car_loan,72000,12,682,medium,manual_review,64800,mobile,true,969
app_20260501_000000094,2026-05-28 02:30:57,cust_1321662,DE-HH,cash_loan,10000,24,681,medium,manual_review,8000,branch,true,707
app_20260501_000000095,2026-06-20 10:18:09,cust_7106354,DE-BY,car_loan,56000,24,786,low,approved,44800,partner_api,false,14
app_20260501_000000096,2026-05-25 07:55:21,cust_4534053,DE-NW,cash_loan,12000,24,716,medium,approved,9600,web,false,13
app_20260501_000000097,2026-05-23 22:39:44,cust_5369806,DE-BE,car_loan,21500,6,759,low,approved,15049,mobile,false,19
app_20260501_000000098,2026-05-11 05:22:05,cust_2106663,ES-MD,car_loan,63500,6,576,high,manual_review,57150,branch,true,596
app_20260501_000000099,2026-07-10 23:29:01,cust_3627963,ES-MD,bnpl,18000,24,657,medium,approved,14400,partner_api,false,24
app_20260501_000000100,2026-06-30 06:49:45,cust_4364941,ES-MD,mortgage,67000,6,682,medium,manual_review,46900,branch,true,896
app_20260501_000000101,2026-06-18 20:01:11,cust_1895193,DE-HH,cash_loan,4000,36,630,medium,rejected,0,call_center,false,13
app_20260501_000000102,2026-05-10 12:19:20,cust_2082909,DE-HH,credit_card,64000,24,581,high,rejected,0,branch,true,582
app_20260501_000000103,2026-06-18 03:17:15,cust_9713471,NL-NH,mortgage,7500,18,632,medium,approved,7500,web,false,24
app_20260501_000000104,2026-05-28 20:05:30,cust_8938583,DE-HE,car_loan,9500,48,756,low,approved,9500,call_center,false,7
app_20260501_000000105,2026-05-05 13:36:42,cust_5121376,DE-NW,mortgage,34500,60,733,low,approved,31050,web,false,7
app_20260501_000000106,2026-05-26 23:27:47,cust_9434544,DE-HH,credit_card,50000,48,562,high,manual_review,45000,branch,true,362
app_20260501_000000107,2026-07-12 06:26:46,cust_5468204,DE-HH,cash_loan,3500,6,545,high,approved,3500,web,true,989
app_20260501_000000108,2026-07-28 00:35:59,cust_5894895,DE-BY,car_loan,26000,36,750,low,approved,18200,call_center,true,692
app_20260501_000000109,2026-07-06 01:37:33,cust_8287922,IT-LAZ,bnpl,75500,36,632,medium,approved,75500,call_center,false,17
app_20260501_000000110,2026-06-10 20:48:32,cust_91602,DE-BE,car_loan,41500,60,634,medium,approved,33200,call_center,false,16
app_20260501_000000111,2026-05-05 03:51:38,cust_6080014,DE-BY,credit_card,33000,60,644,medium,approved,26400,web,false,16
app_20260501_000000112,2026-05-28 11:36:32,cust_6526492,DE-BY,mortgage,33500,60,591,high,rejected,0,call_center,true,980
app_20260501_000000113,2026-06-27 12:13:04,cust_8870642,ES-MD,credit_card,16500,60,605,high,manual_review,14850,mobile,true,1586
app_20260501_000000114,2026-05-21 02:21:45,cust_5674523,FR-IDF,bnpl,11500,18,724,low,manual_review,11500,call_center,true,1762
app_20260501_000000115,2026-05-17 09:13:15,cust_6553502,FR-IDF,bnpl,64000,36,711,medium,rejected,0,partner_api,true,627
app_20260501_000000116,2026-06-14 22:51:36,cust_8565674,FR-IDF,cash_loan,67500,60,850,low,approved,54000,web,true,1574
app_20260501_000000117,2026-06-05 05:04:47,cust_1910163,NL-NH,bnpl,27000,48,786,low,approved,21600,branch,true,643
app_20260501_000000118,2026-06-27 19:16:45,cust_6200054,IT-LAZ,cash_loan,56500,48,719,medium,approved,56500,branch,false,13
app_20260501_000000119,2026-07-10 11:51:51,cust_5357844,DE-NW,cash_loan,37500,60,740,low,approved,37500,call_center,false,15
app_20260501_000000120,2026-07-22 09:41:35,cust_9702801,ES-MD,credit_card,25000,36,656,medium,manual_review,25000,web,true,1090
app_20260501_000000121,2026-05-14 13:13:10,cust_4634237,NL-NH,cash_loan,8000,24,720,low,approved,5600,web,false,6
app_20260501_000000122,2026-06-27 02:07:04,cust_8340156,FR-IDF,credit_card,41000,36,555,high,rejected,0,web,true,1106
app_20260501_000000123,2026-05-14 19:22:17,cust_7171498,FR-IDF,bnpl,74500,48,850,low,approved,74500,branch,false,7
app_20260501_000000124,2026-07-04 19:23:48,cust_887562,DE-HE,bnpl,69000,24,727,low,approved,62100,web,false,6
app_20260501_000000125,2026-05-17 02:23:51,cust_2962136,DE-BY,cash_loan,22500,12,804,low,approved,22500,call_center,false,10
app_20260501_000000126,2026-07-11 09:40:37,cust_6198965,DE-BE,bnpl,50500,36,661,medium,rejected,0,web,false,18
app_20260501_000000127,2026-06-11 00:51:29,cust_6685588,IT-LAZ,credit_card,58500,24,698,medium,manual_review,52650,branch,true,1369
app_20260501_000000128,2026-06-10 13:39:37,cust_9936658,IT-LAZ,bnpl,43500,36,631,medium,rejected,0,mobile,false,3
app_20260501_000000129,2026-07-04 22:13:28,cust_8256699,NL-NH,mortgage,80000,60,713,medium,manual_review,72000,web,true,849
app_20260501_000000130,2026-07-08 16:18:39,cust_1144570,NL-NH,car_loan,65500,36,644,medium,manual_review,45850,mobile,true,704
app_20260501_000000131,2026-07-18 14:30:07,cust_7858798,DE-NW,cash_loan,76500,18,644,medium,approved,53550,call_center,false,11
app_20260501_000000132,2026-06-16 16:30:56,cust_1120777,DE-BE,credit_card,78500,48,779,low,approved,70650,web,false,12
app_20260501_000000133,2026-05-03 20:08:20,cust_7041721,FR-IDF,cash_loan,43500,18,587,high,manual_review,39150,mobile,true,1789
app_20260501_000000134,2026-07-07 15:48:27,cust_7032465,DE-BY,mortgage,39000,24,685,medium,approved,31200,call_center,true,830
app_20260501_000000135,2026-05-09 20:17:17,cust_4957926,IT-LAZ,credit_card,37500,12,670,medium,approved,33750,call_center,false,20
app_20260501_000000136,2026-07-18 17:54:16,cust_9818771,NL-NH,bnpl,58500,24,719,medium,rejected,0,mobile,false,6
app_20260501_000000137,2026-06-26 12:36:23,cust_6685942,DE-HH,mortgage,61000,36,683,medium,rejected,0,call_center,true,998
app_20260501_000000138,2026-07-18 09:16:53,cust_2698088,ES-MD,credit_card,11500,36,747,low,approved,9200,branch,true,844
app_20260501_000000139,2026-06-19 00:48:01,cust_1942556,FR-IDF,mortgage,49500,18,504,high,manual_review,39600,web,true,1618
app_20260501_000000140,2026-07-28 06:22:32,cust_1898952,DE-HE,cash_loan,11500,18,701,medium,manual_review,8049,partner_api,true,503
app_20260501_000000141,2026-05-27 23:36:48,cust_8282947,ES-MD,credit_card,6500,36,695,medium,approved,6500,mobile,true,1040
app_20260501_000000142,2026-07-15 03:14:13,cust_1022839,DE-BE,credit_card,51500,6,755,low,approved,46350,mobile,false,12
app_20260501_000000143,2026-07-27 18:23:13,cust_9715135,DE-HH,bnpl,50500,48,746,low,approved,40400,mobile,false,17
app_20260501_000000144,2026-05-02 18:18:01,cust_5544229,DE-HE,mortgage,46500,24,717,medium,rejected,0,branch,true,1337
app_20260501_000000145,2026-06-30 04:04:54,cust_7781077,IT-LAZ,bnpl,40000,18,804,low,approved,28000,branch,false,9
app_20260501_000000146,2026-07-19 13:34:23,cust_8978236,NL-NH,cash_loan,1000,12,627,medium,manual_review,800,branch,true,980
app_20260501_000000147,2026-07-14 09:57:13,cust_3465737,IT-LAZ,mortgage,50000,18,642,medium,approved,50000,mobile,true,904
app_20260501_000000148,2026-06-14 10:13:05,cust_7583122,ES-MD,car_loan,43000,48,664,medium,approved,38700,web,false,25
app_20260501_000000149,2026-06-05 16:32:24,cust_9938752,NL-NH,mortgage,9500,36,661,medium,approved,8550,partner_api,true,1300
app_20260501_000000150,2026-05-05 10:08:09,cust_6356757,DE-BE,bnpl,65500,48,648,medium,manual_review,58950,call_center,true,509
app_20260501_000000151,2026-05-02 18:17:55,cust_6744295,DE-NW,mortgage,19000,60,596,high,manual_review,15200,partner_api,true,1644
app_20260501_000000152,2026-05-15 22:54:28,cust_4248236,DE-BY,cash_loan,24000,12,593,high,rejected,0,call_center,true,737
app_20260501_000000153,2026-05-20 11:25:53,cust_3937541,DE-HE,credit_card,16000,24,612,high,rejected,0,web,true,1478
app_20260501_000000154,2026-07-14 06:22:19,cust_4001111,FR-IDF,car_loan,25000,48,775,low,approved,20000,web,false,24
app_20260501_000000155,2026-05-15 14:23:33,cust_8885056,DE-HE,cash_loan,25000,12,833,low,approved,17500,branch,false,16
app_20260501_000000156,2026-06-27 14:56:27,cust_4380407,NL-NH,bnpl,71000,36,485,high,manual_review,63900,call_center,true,1321
app_20260501_000000157,2026-06-02 00:51:58,cust_1714329,NL-NH,bnpl,67000,48,594,high,rejected,0,call_center,true,512
app_20260501_000000158,2026-06-24 03:39:38,cust_5355448,IT-LAZ,car_loan,73000,6,713,medium,manual_review,65700,branch,true,1355
app_20260501_000000159,2026-05-22 05:24:08,cust_4116960,ES-MD,credit_card,18000,6,548,high,rejected,0,web,true,400
app_20260501_000000160,2026-06-10 16:55:54,cust_3283402,ES-MD,cash_loan,67000,60,691,medium,approved,46900,branch,true,1069
app_20260501_000000161,2026-06-18 22:03:21,cust_2762508,DE-NW,credit_card,75000,18,662,medium,manual_review,52500,web,true,1145
app_20260501_000000162,2026-07-06 16:13:50,cust_5860410,NL-NH,credit_card,8500,12,514,high,manual_review,6800,branch,true,948
app_20260501_000000163,2026-07-03 08:17:30,cust_9809739,FR-IDF,cash_loan,2000,48,694,medium,approved,1400,branch,false,22
app_20260501_000000164,2026-06-19 05:57:02,cust_1256759,FR-IDF,credit_card,22000,6,768,low,approved,19800,call_center,true,910
app_20260501_000000165,2026-06-30 12:50:03,cust_8755516,DE-HH,mortgage,21500,60,717,medium,approved,21500,web,false,14
app_20260501_000000166,2026-06-24 07:34:08,cust_2038889,IT-LAZ,credit_card,41500,60,756,low,approved,37350,branch,false,15
app_20260501_000000167,2026-07-12 09:14:56,cust_1284308,DE-HH,mortgage,39000,48,602,high,rejected,0,mobile,true,1325
app_20260501_000000168,2026-07-10 11:57:32,cust_9684017,DE-HE,bnpl,41000,12,581,high,manual_review,32800,call_center,true,227
app_20260501_000000169,2026-07-27 10:25:03,cust_8205590,DE-HH,cash_loan,70000,18,541,high,rejected,0,mobile,true,210
app_20260501_000000170,2026-05-16 13:07:46,cust_5676229,DE-NW,mortgage,61500,6,850,low,approved,43050,partner_api,true,240
app_20260501_000000171,2026-07-21 22:43:42,cust_3546374,DE-BE,car_loan,11000,60,850,low,approved,7699,partner_api,true,1319
app_20260501_000000172,2026-05-23 10:24:37,cust_5896497,NL-NH,bnpl,13500,24,690,medium,manual_review,10800,partner_api,true,1396
app_20260501_000000173,2026-06-08 14:49:22,cust_9032166,ES-MD,cash_loan,59000,12,734,low,rejected,0,web,false,25
app_20260501_000000174,2026-06-12 23:27:03,cust_2977654,DE-BE,credit_card,6500,18,686,medium,manual_review,4550,web,true,544
app_20260501_000000175,2026-06-03 00:42:01,cust_6361103,DE-HE,credit_card,37500,24,802,low,approved,30000,mobile,true,1240
app_20260501_000000176,2026-06-24 19:56:00,cust_6826239,DE-BE,credit_card,21000,36,723,low,approved,14699,call_center,true,1154
app_20260501_000000177,2026-07-07 07:25:56,cust_9510466,DE-BY,car_loan,42000,18,670,medium,approved,37800,branch,false,8
app_20260501_000000178,2026-05-31 21:58:35,cust_1333201,IT-LAZ,credit_card,55500,60,511,high,rejected,0,partner_api,true,653
app_20260501_000000179,2026-06-02 14:46:55,cust_5115148,DE-BE,mortgage,35500,48,762,low,approved,28400,call_center,true,184
app_20260501_000000180,2026-06-25 07:06:29,cust_1812499,DE-HH,bnpl,3500,6,767,low,approved,3500,partner_api,true,86
app_20260501_000000181,2026-07-02 16:24:52,cust_8148039,FR-IDF,cash_loan,20500,60,568,high,rejected,0,web,true,1612
app_20260501_000000182,2026-05-21 00:55:06,cust_903733,FR-IDF,mortgage,36500,48,611,high,manual_review,25550,partner_api,true,1182
app_20260501_000000183,2026-06-28 06:22:41,cust_2496705,DE-BY,credit_card,47000,18,646,medium,manual_review,47000,partner_api,true,748
app_20260501_000000184,2026-05-06 07:02:40,cust_3480147,IT-LAZ,credit_card,28500,6,740,low,approved,19950,mobile,true,1372
app_20260501_000000185,2026-05-27 00:09:43,cust_7275606,DE-BE,cash_loan,31000,24,554,high,rejected,0,call_center,true,1348
app_20260501_000000186,2026-07-14 09:37:20,cust_9659715,DE-NW,mortgage,51500,24,668,medium,approved,41200,partner_api,true,1020
app_20260501_000000187,2026-06-09 04:54:29,cust_8988730,IT-LAZ,cash_loan,3000,48,640,medium,rejected,0,branch,false,17
app_20260501_000000188,2026-07-18 07:38:44,cust_3520431,NL-NH,cash_loan,42500,18,631,medium,manual_review,34000,call_center,true,1262
app_20260501_000000189,2026-06-29 06:36:00,cust_7587266,DE-NW,mortgage,47500,18,637,medium,approved,42750,branch,false,11
app_20260501_000000190,2026-06-17 15:07:35,cust_6644496,DE-BE,credit_card,38500,36,812,low,approved,26950,mobile,false,15
app_20260501_000000191,2026-07-21 00:48:16,cust_7582227,DE-NW,cash_loan,53000,6,612,high,rejected,0,web,true,172
app_20260501_000000192,2026-06-02 12:01:06,cust_1116973,DE-HH,mortgage,67500,6,627,medium,manual_review,54000,partner_api,true,1477
app_20260501_000000193,2026-07-17 03:40:33,cust_9926899,DE-HE,car_loan,67500,18,753,low,approved,47250,web,true,700
app_20260501_000000194,2026-07-22 14:28:01,cust_2210223,DE-NW,cash_loan,30000,24,586,high,approved,24000,web,true,839
app_20260501_000000195,2026-07-28 21:39:34,cust_5891544,FR-IDF,cash_loan,23000,36,756,low,approved,20700,web,true,1368
app_20260501_000000196,2026-06-23 12:20:53,cust_9927195,IT-LAZ,car_loan,20000,36,765,low,approved,16000,call_center,false,23
app_20260501_000000197,2026-05-08 02:05:45,cust_1349146,DE-HH,mortgage,40000,18,629,medium,approved,28000,call_center,false,23
app_20260501_000000198,2026-07-17 12:14:21,cust_1858718,DE-NW,credit_card,56500,48,749,low,approved,56500,call_center,true,1552
app_20260501_000000199,2026-05-10 05:31:34,cust_6098623,ES-MD,car_loan,49500,6,748,low,approved,34650,call_center,false,4
app_20260501_000000200,2026-07-22 07:52:02,cust_3496807,FR-IDF,cash_loan,14000,24,661,medium,approved,14000,call_center,false,12
app_20260501_000000201,2026-06-23 21:16:51,cust_2147991,DE-BY,car_loan,35000,12,643,medium,rejected,0,call_center,false,22
app_20260501_000000202,2026-06-15 04:53:20,cust_5084875,DE-BY,credit_card,47000,60,695,medium,manual_review,37600,mobile,true,1795
app_20260501_000000203,2026-05-01 08:52:01,cust_7054160,DE-BY,cash_loan,44500,48,733,low,approved,31149,mobile,false,9
app_20260501_000000204,2026-07-02 22:11:01,cust_2932083,IT-LAZ,credit_card,17500,18,707,medium,manual_review,14000,call_center,true,1581
app_20260501_000000205,2026-06-27 23:08:05,cust_4255089,NL-NH,mortgage,73000,60,551,high,rejected,0,mobile,true,84
app_20260501_000000206,2026-05-14 04:51:18,cust_7640555,FR-IDF,car_loan,28000,6,634,medium,approved,25200,web,false,17
app_20260501_000000207,2026-06-19 02:18:12,cust_858301,ES-MD,credit_card,25000,36,623,medium,approved,17500,web,false,17
app_20260501_000000208,2026-06-25 09:49:39,cust_4054111,IT-LAZ,mortgage,55500,12,740,low,approved,55500,call_center,false,4
app_20260501_000000209,2026-05-17 19:13:13,cust_8096479,DE-NW,bnpl,44000,48,688,medium,rejected,0,web,true,388
app_20260501_000000210,2026-06-22 21:12:38,cust_4296020,DE-HH,bnpl,14000,6,579,high,manual_review,11200,web,true,776
app_20260501_000000211,2026-05-08 12:16:30,cust_9637142,ES-MD,bnpl,10500,36,668,medium,manual_review,9450,branch,true,208
app_20260501_000000212,2026-05-26 00:58:36,cust_7929837,DE-BE,cash_loan,39500,18,756,low,approved,39500,call_center,false,20
app_20260501_000000213,2026-07-23 06:03:12,cust_7402610,DE-BE,mortgage,53000,24,711,medium,approved,42400,partner_api,true,1097
app_20260501_000000214,2026-06-26 17:05:25,cust_2862779,FR-IDF,cash_loan,72500,12,611,high,manual_review,58000,web,true,710
app_20260501_000000215,2026-07-01 19:16:11,cust_3462506,DE-BE,bnpl,32500,18,646,medium,approved,32500,branch,true,1378
app_20260501_000000216,2026-05-22 20:47:06,cust_5295290,ES-MD,credit_card,28000,24,822,low,approved,28000,branch,true,1115
app_20260501_000000217,2026-07-09 03:52:33,cust_8553296,DE-HH,bnpl,49000,12,585,high,manual_review,39200,web,true,1516
app_20260501_000000218,2026-06-12 23:09:54,cust_6063081,DE-HE,credit_card,43000,6,554,high,rejected,0,partner_api,true,1437
app_20260501_000000219,2026-07-19 19:56:32,cust_8108472,ES-MD,bnpl,18000,60,543,high,manual_review,18000,mobile,true,249
app_20260501_000000220,2026-06-09 15:09:05,cust_3222252,IT-LAZ,mortgage,29500,48,611,high,manual_review,20650,branch,true,1717
app_20260501_000000221,2026-07-28 20:42:28,cust_4000576,DE-BY,car_loan,55000,24,698,medium,manual_review,49500,call_center,true,1567
app_20260501_000000222,2026-06-23 17:55:10,cust_9950495,FR-IDF,mortgage,52500,36,671,medium,manual_review,42000,branch,true,1171
app_20260501_000000223,2026-06-22 13:25:49,cust_7963878,DE-HE,mortgage,32500,48,771,low,approved,22750,mobile,false,14
app_20260501_000000224,2026-06-06 06:56:51,cust_6059385,FR-IDF,car_loan,32500,60,655,medium,manual_review,26000,branch,true,684
app_20260501_000000225,2026-06-15 09:45:46,cust_2081715,DE-HE,credit_card,18000,60,842,low,approved,12600,web,false,16
app_20260501_000000226,2026-07-03 01:16:58,cust_5042447,NL-NH,cash_loan,50500,36,654,medium,manual_review,45450,mobile,true,1104
app_20260501_000000227,2026-07-01 19:29:41,cust_3936445,DE-HE,car_loan,75500,48,777,low,approved,75500,call_center,true,675
app_20260501_000000228,2026-05-21 19:18:27,cust_7224642,DE-BE,mortgage,36000,36,623,medium,approved,32400,partner_api,false,9
app_20260501_000000229,2026-06-30 20:25:44,cust_2404366,DE-HE,car_loan,56000,60,624,medium,rejected,0,web,false,14
app_20260501_000000230,2026-06-19 19:34:16,cust_1199148,DE-BY,car_loan,25000,18,567,high,approved,22500,call_center,true,1180
app_20260501_000000231,2026-07-18 10:08:59,cust_3719266,ES-MD,credit_card,55000,12,653,medium,approved,44000,branch,true,316
app_20260501_000000232,2026-06-19 10:47:52,cust_8462102,FR-IDF,mortgage,34500,12,755,low,approved,31050,partner_api,false,4
app_20260501_000000233,2026-06-13 11:12:01,cust_1185528,DE-BY,cash_loan,24000,60,666,medium,manual_review,16800,partner_api,true,835
app_20260501_000000234,2026-05-17 22:13:21,cust_5247891,DE-HE,bnpl,9500,48,705,medium,approved,7600,web,false,19
app_20260501_000000235,2026-07-11 05:43:46,cust_2181855,IT-LAZ,bnpl,77500,48,727,low,approved,54250,mobile,false,3
app_20260501_000000236,2026-07-09 09:45:32,cust_5593930,FR-IDF,mortgage,77000,12,705,medium,approved,77000,web,false,10
app_20260501_000000237,2026-06-30 13:27:12,cust_9924686,DE-BE,car_loan,29000,60,821,low,approved,26100,call_center,false,14
app_20260501_000000238,2026-05-25 12:02:49,cust_6188809,NL-NH,credit_card,13000,36,574,high,manual_review,9100,mobile,true,1265
app_20260501_000000239,2026-07-04 18:22:58,cust_824162,DE-BY,car_loan,13500,6,644,medium,rejected,0,mobile,false,15
app_20260501_000000240,2026-06-08 21:33:00,cust_283754,DE-HE,credit_card,70500,6,770,low,approved,56400,web,true,186
app_20260501_000000241,2026-05-15 23:51:47,cust_8292651,IT-LAZ,cash_loan,7500,12,641,medium,rejected,0,partner_api,true,384
app_20260501_000000242,2026-06-18 23:22:26,cust_9542219,IT-LAZ,credit_card,26500,18,632,medium,manual_review,21200,branch,true,1618
app_20260501_000000243,2026-06-23 03:37:55,cust_7941740,FR-IDF,cash_loan,11500,24,651,medium,approved,10350,mobile,true,897
app_20260501_000000244,2026-05-25 06:34:44,cust_6228013,NL-NH,mortgage,77000,36,696,medium,approved,77000,call_center,false,4
app_20260501_000000245,2026-06-13 13:57:16,cust_1582468,DE-HH,bnpl,23500,60,804,low,approved,16450,call_center,false,23
app_20260501_000000246,2026-05-23 06:13:37,cust_5543388,DE-HH,credit_card,17000,24,684,medium,manual_review,15300,partner_api,true,470
app_20260501_000000247,2026-06-28 12:54:08,cust_1681898,DE-BY,bnpl,28500,24,683,medium,manual_review,22800,web,true,1719
app_20260501_000000248,2026-07-08 05:10:43,cust_4412969,DE-HH,credit_card,76000,24,786,low,approved,60800,partner_api,false,18
app_20260501_000000249,2026-05-28 16:20:17,cust_2143324,DE-BE,mortgage,54000,12,683,medium,manual_review,43200,call_center,true,474
app_20260501_000000250,2026-07-21 12:53:21,cust_2229854,DE-BE,bnpl,43500,24,665,medium,manual_review,43500,branch,true,377
app_20260501_000000251,2026-07-16 15:34:33,cust_8402194,DE-BE,car_loan,10000,36,728,low,approved,9000,web,false,21
app_20260501_000000252,2026-06-02 19:19:41,cust_8077727,FR-IDF,car_loan,11000,60,607,high,manual_review,7699,partner_api,true,179
app_20260501_000000253,2026-06-28 18:55:11,cust_1673243,ES-MD,car_loan,22500,18,744,low,approved,22500,branch,false,12
app_20260501_000000254,2026-05-20 13:42:25,cust_4149397,ES-MD,cash_loan,61500,6,586,high,rejected,0,branch,true,104
app_20260501_000000255,2026-05-11 17:03:55,cust_9655276,DE-NW,mortgage,48000,6,612,high,manual_review,43200,branch,true,1457
app_20260501_000000256,2026-05-03 07:24:16,cust_6039849,NL-NH,mortgage,65000,60,730,low,approved,65000,web,true,636
app_20260501_000000257,2026-05-06 04:46:59,cust_2773244,ES-MD,mortgage,12000,60,551,high,rejected,0,branch,true,1217
app_20260501_000000258,2026-06-03 08:40:53,cust_3100489,DE-NW,bnpl,50500,48,515,high,rejected,0,branch,true,1345
app_20260501_000000259,2026-05-31 01:37:40,cust_209484,IT-LAZ,cash_loan,67000,18,529,high,manual_review,53600,call_center,true,568
app_20260501_000000260,2026-05-14 16:06:51,cust_7222563,DE-BE,car_loan,52500,12,542,high,rejected,0,call_center,true,1485
app_20260501_000000261,2026-07-17 00:45:13,cust_1820955,DE-HH,mortgage,31000,18,549,high,rejected,0,partner_api,true,1555
app_20260501_000000262,2026-06-08 08:50:44,cust_991660,DE-HH,car_loan,36500,18,595,high,rejected,0,partner_api,true,839
app_20260501_000000263,2026-05-10 09:16:57,cust_8730554,DE-NW,credit_card,7000,12,635,medium,rejected,0,mobile,false,4
app_20260501_000000264,2026-07-10 05:39:21,cust_7033620,DE-BE,mortgage,52500,36,615,high,rejected,0,partner_api,true,161
app_20260501_000000265,2026-07-27 00:39:01,cust_1221967,FR-IDF,car_loan,15000,24,653,medium,manual_review,10500,web,true,1761
app_20260501_000000266,2026-06-19 23:49:16,cust_7244934,DE-BY,mortgage,51000,24,716,medium,manual_review,51000,partner_api,true,820
app_20260501_000000267,2026-06-15 12:41:30,cust_3270636,FR-IDF,bnpl,75500,18,664,medium,manual_review,75500,mobile,true,452
app_20260501_000000268,2026-05-26 18:11:06,cust_631491,DE-HE,mortgage,14500,24,830,low,approved,10150,web,true,684
app_20260501_000000269,2026-06-26 05:35:26,cust_4566517,DE-NW,credit_card,17500,24,850,low,approved,12250,mobile,true,614
app_20260501_000000270,2026-07-07 19:48:54,cust_7682931,DE-HH,cash_loan,13500,12,722,low,approved,9450,partner_api,true,1430
app_20260501_000000271,2026-06-21 08:40:45,cust_4716230,DE-BE,bnpl,7500,36,651,medium,rejected,0,call_center,true,435
app_20260501_000000272,2026-07-28 15:09:27,cust_148647,DE-NW,mortgage,74500,18,721,low,approved,59600,mobile,true,304
app_20260501_000000273,2026-05-23 06:30:16,cust_5439816,ES-MD,car_loan,60000,12,598,high,manual_review,42000,branch,true,329
app_20260501_000000274,2026-05-18 13:55:39,cust_132915,ES-MD,credit_card,49000,24,654,medium,manual_review,34300,partner_api,true,1274
app_20260501_000000275,2026-05-31 10:40:54,cust_4571870,IT-LAZ,credit_card,8500,6,620,medium,manual_review,8500,web,true,557
app_20260501_000000276,2026-07-11 13:36:48,cust_6343822,NL-NH,cash_loan,71000,12,460,high,rejected,0,mobile,true,1179
app_20260501_000000277,2026-07-09 23:25:24,cust_8784683,DE-HH,car_loan,21000,6,713,medium,manual_review,14699,partner_api,true,1421
app_20260501_000000278,2026-06-27 07:37:48,cust_158551,FR-IDF,mortgage,19000,6,696,medium,approved,19000,branch,true,687
app_20260501_000000279,2026-05-27 07:03:14,cust_9227337,DE-HE,credit_card,43500,12,786,low,manual_review,39150,branch,true,1650
app_20260501_000000280,2026-07-15 01:45:44,cust_6660949,ES-MD,car_loan,14500,60,687,medium,manual_review,10150,branch,true,1204
app_20260501_000000281,2026-05-06 19:49:22,cust_6141944,FR-IDF,car_loan,23500,18,666,medium,approved,18800,mobile,true,223
app_20260501_000000282,2026-06-05 01:35:33,cust_1164856,IT-LAZ,mortgage,31500,60,638,medium,manual_review,25200,web,true,1072
app_20260501_000000283,2026-05-09 23:58:36,cust_2293585,ES-MD,car_loan,51500,18,572,high,manual_review,41200,partner_api,true,109
app_20260501_000000284,2026-06-23 17:44:58,cust_5003172,NL-NH,cash_loan,36500,48,703,medium,manual_review,29200,mobile,true,611
app_20260501_000000285,2026-06-06 12:11:17,cust_9432846,FR-IDF,car_loan,63500,6,548,high,rejected,0,call_center,true,755
app_20260501_000000286,2026-05-01 19:06:03,cust_2274333,ES-MD,car_loan,35000,36,563,high,rejected,0,partner_api,true,336
app_20260501_000000287,2026-06-27 07:27:14,cust_9478793,DE-BY,car_loan,25000,18,633,medium,approved,22500,web,false,24
app_20260501_000000288,2026-07-22 10:59:04,cust_9654901,FR-IDF,bnpl,75000,12,701,medium,approved,52500,web,false,17
app_20260501_000000289,2026-07-03 11:17:45,cust_8092470,NL-NH,bnpl,41500,24,606,high,manual_review,33200,call_center,true,1754
app_20260501_000000290,2026-07-24 14:02:03,cust_4277964,IT-LAZ,bnpl,34000,60,651,medium,manual_review,27200,call_center,true,1595
app_20260501_000000291,2026-06-21 10:44:59,cust_5982119,DE-NW,car_loan,29000,24,577,high,manual_review,26100,web,true,1412
app_20260501_000000292,2026-05-04 22:55:48,cust_5122735,DE-HH,credit_card,54000,24,677,medium,manual_review,48600,mobile,true,316
app_20260501_000000293,2026-07-26 06:21:09,cust_9098983,ES-MD,mortgage,52000,60,630,medium,manual_review,46800,branch,true,1629
app_20260501_000000294,2026-05-18 08:54:35,cust_276914,NL-NH,credit_card,11000,36,624,medium,approved,8800,call_center,false,20
app_20260501_000000295,2026-05-11 00:25:40,cust_5067145,IT-LAZ,car_loan,65500,60,675,medium,approved,65500,web,false,20
app_20260501_000000296,2026-07-02 04:24:00,cust_1540036,FR-IDF,car_loan,64000,6,668,medium,approved,64000,branch,false,12
app_20260501_000000297,2026-05-05 12:36:04,cust_4275814,ES-MD,cash_loan,72000,60,733,low,manual_review,64800,web,true,173
app_20260501_000000298,2026-05-29 16:07:38,cust_7274690,DE-HE,credit_card,18500,48,702,medium,approved,16650,mobile,false,10
app_20260501_000000299,2026-05-24 17:36:34,cust_6816831,IT-LAZ,car_loan,2500,60,831,low,manual_review,2250,mobile,true,460
app_20260501_000000300,2026-07-28 03:23:45,cust_4258089,IT-LAZ,bnpl,57000,18,571,high,manual_review,57000,web,true,1200
app_20260501_000000301,2026-07-18 22:10:19,cust_5127309,DE-BY,credit_card,78000,48,799,low,manual_review,78000,call_center,true,1297
app_20260501_000000302,2026-07-26 07:14:21,cust_2540477,DE-NW,credit_card,27000,6,656,medium,manual_review,24300,call_center,true,1001
app_20260501_000000303,2026-05-01 08:11:16,cust_2181669,FR-IDF,bnpl,33500,12,616,high,manual_review,30150,partner_api,true,1697
app_20260501_000000304,2026-06-21 01:03:56,cust_4563845,DE-BY,car_loan,4500,36,850,low,approved,3600,mobile,true,1635
app_20260501_000000305,2026-06-12 12:52:37,cust_9388048,FR-IDF,credit_card,76500,6,694,medium,approved,76500,branch,true,1273
app_20260501_000000306,2026-06-30 01:04:43,cust_5000912,DE-BE,credit_card,41500,6,755,low,approved,41500,branch,true,217
app_20260501_000000307,2026-06-15 14:17:26,cust_3169035,NL-NH,mortgage,33000,36,708,medium,rejected,0,branch,false,12
app_20260501_000000308,2026-06-22 06:58:37,cust_4446015,DE-BE,mortgage,48000,48,689,medium,rejected,0,web,false,14
app_20260501_000000309,2026-05-05 11:39:19,cust_2863043,DE-BY,bnpl,48500,48,636,medium,approved,38800,branch,false,20
app_20260501_000000310,2026-06-03 05:47:48,cust_4318586,DE-NW,bnpl,30500,48,775,low,manual_review,24400,mobile,true,1323
app_20260501_000000311,2026-07-05 19:02:53,cust_9573057,IT-LAZ,bnpl,21000,18,763,low,approved,16800,branch,true,926
app_20260501_000000312,2026-06-17 23:55:33,cust_9255831,DE-BE,car_loan,61500,6,694,medium,manual_review,49200,mobile,true,1481
app_20260501_000000313,2026-07-03 22:47:09,cust_6318121,DE-HH,credit_card,73000,60,751,low,approved,73000,call_center,true,129
app_20260501_000000314,2026-05-13 18:32:37,cust_429706,FR-IDF,cash_loan,19500,48,602,high,approved,13650,mobile,true,338
app_20260501_000000315,2026-06-11 08:42:19,cust_5574668,DE-HE,cash_loan,68500,24,584,high,manual_review,61650,partner_api,true,434
app_20260501_000000316,2026-06-03 00:52:40,cust_4921910,DE-BE,mortgage,40500,6,607,high,rejected,0,branch,true,1697
app_20260501_000000317,2026-06-20 02:16:51,cust_1419956,DE-BY,cash_loan,16000,18,765,low,approved,12800,partner_api,false,21
app_20260501_000000318,2026-07-17 15:21:49,cust_1698306,DE-HH,bnpl,23000,48,755,low,approved,20700,call_center,false,16
app_20260501_000000319,2026-07-21 16:43:23,cust_3945675,DE-NW,bnpl,16000,36,573,high,rejected,0,mobile,true,420
app_20260501_000000320,2026-07-03 22:46:26,cust_9356089,DE-HH,car_loan,43000,6,677,medium,manual_review,38700,mobile,true,1181
app_20260501_000000321,2026-07-09 09:46:12,cust_8821266,ES-MD,credit_card,34500,18,563,high,rejected,0,call_center,true,1437
app_20260501_000000322,2026-05-27 22:58:02,cust_7597375,DE-BE,cash_loan,72000,48,836,low,approved,64800,web,false,19
app_20260501_000000323,2026-06-27 23:29:52,cust_3449849,FR-IDF,mortgage,40500,12,492,high,manual_review,36450,partner_api,true,1343
app_20260501_000000324,2026-05-28 14:26:59,cust_7254254,DE-NW,cash_loan,30000,12,642,medium,approved,27000,call_center,false,13
app_20260501_000000325,2026-05-01 18:40:24,cust_528302,DE-BE,cash_loan,5500,36,726,low,manual_review,5500,branch,true,1169
app_20260501_000000326,2026-06-09 17:19:46,cust_3853524,FR-IDF,car_loan,13000,60,581,high,rejected,0,web,true,354
app_20260501_000000327,2026-07-21 23:19:56,cust_4047589,NL-NH,credit_card,53500,6,604,high,manual_review,48150,partner_api,true,769
app_20260501_000000328,2026-07-21 00:17:26,cust_4618682,DE-HH,bnpl,4000,18,649,medium,manual_review,2800,web,true,1034
app_20260501_000000329,2026-05-09 11:23:50,cust_2089871,NL-NH,credit_card,31500,12,665,medium,approved,28350,web,true,1660
app_20260501_000000330,2026-06-21 21:35:35,cust_454727,NL-NH,credit_card,8000,12,709,medium,approved,7200,branch,true,964
app_20260501_000000331,2026-06-19 20:33:50,cust_1624082,DE-BE,credit_card,61000,18,689,medium,manual_review,48800,branch,true,912
app_20260501_000000332,2026-07-29 06:22:29,cust_4429827,ES-MD,credit_card,69000,60,637,medium,approved,62100,web,true,1133
app_20260501_000000333,2026-07-04 17:10:11,cust_6685764,DE-BE,credit_card,53500,60,640,medium,manual_review,37450,partner_api,true,1779
app_20260501_000000334,2026-06-20 09:36:20,cust_2469237,DE-BY,car_loan,58500,6,670,medium,approved,58500,call_center,false,6
app_20260501_000000335,2026-06-20 01:41:43,cust_5644534,FR-IDF,mortgage,38500,48,570,high,manual_review,30800,mobile,true,146
app_20260501_000000336,2026-05-14 15:09:23,cust_3411412,IT-LAZ,car_loan,66000,18,755,low,manual_review,52800,web,true,1495
app_20260501_000000337,2026-07-22 00:42:39,cust_7343615,IT-LAZ,car_loan,21000,48,703,medium,approved,14699,branch,false,18
app_20260501_000000338,2026-06-28 19:35:43,cust_6786011,IT-LAZ,cash_loan,66000,12,755,low,approved,59400,call_center,false,20
app_20260501_000000339,2026-07-14 16:50:32,cust_3134495,ES-MD,mortgage,7500,36,496,high,rejected,0,partner_api,true,627
app_20260501_000000340,2026-05-30 10:14:12,cust_7491135,NL-NH,mortgage,43500,48,643,medium,approved,34800,web,false,6
app_20260501_000000341,2026-05-11 15:57:50,cust_2109335,IT-LAZ,mortgage,53000,60,683,medium,manual_review,42400,branch,true,1226
app_20260501_000000342,2026-05-04 07:11:44,cust_7092901,IT-LAZ,mortgage,52500,48,782,low,manual_review,52500,call_center,true,176
app_20260501_000000343,2026-05-02 20:38:26,cust_3577439,FR-IDF,car_loan,21500,18,850,low,approved,17200,call_center,false,16
app_20260501_000000344,2026-06-24 23:54:12,cust_1989011,FR-IDF,mortgage,41500,12,700,medium,manual_review,41500,branch,true,1183
app_20260501_000000345,2026-05-12 06:57:56,cust_4661494,ES-MD,credit_card,15500,24,846,low,approved,10850,call_center,true,249
app_20260501_000000346,2026-07-18 16:14:38,cust_9757287,DE-BY,car_loan,24500,18,688,medium,manual_review,19600,partner_api,true,1055
app_20260501_000000347,2026-07-19 03:40:02,cust_4922639,IT-LAZ,cash_loan,66500,36,676,medium,manual_review,66500,branch,true,107
app_20260501_000000348,2026-06-12 13:54:18,cust_3468906,FR-IDF,car_loan,55500,36,786,low,approved,55500,mobile,true,1057
app_20260501_000000349,2026-07-28 11:04:35,cust_312392,ES-MD,bnpl,24500,48,682,medium,manual_review,22050,branch,true,1664
app_20260501_000000350,2026-06-02 10:46:53,cust_9706106,DE-HH,cash_loan,45000,6,549,high,rejected,0,mobile,true,1505
app_20260501_000000351,2026-07-20 12:38:21,cust_7317506,DE-BY,mortgage,62000,18,579,high,rejected,0,web,true,88
app_20260501_000000352,2026-06-05 11:08:17,cust_5867652,DE-BE,bnpl,68000,36,805,low,manual_review,68000,branch,true,1563
app_20260501_000000353,2026-05-20 12:19:51,cust_8360257,DE-HH,mortgage,68500,36,626,medium,rejected,0,branch,true,1584
app_20260501_000000354,2026-07-27 13:51:32,cust_8773086,IT-LAZ,mortgage,2500,12,660,medium,approved,1750,web,true,747
app_20260501_000000355,2026-05-22 09:21:58,cust_3823889,DE-HH,cash_loan,37500,60,751,low,approved,26250,partner_api,true,1428
app_20260501_000000356,2026-05-17 04:01:46,cust_5374697,DE-BY,bnpl,39000,48,538,high,rejected,0,mobile,true,1175
app_20260501_000000357,2026-06-18 09:04:36,cust_873932,ES-MD,cash_loan,73500,6,730,low,approved,73500,mobile,false,14
app_20260501_000000358,2026-05-28 20:22:04,cust_1816249,DE-NW,credit_card,17000,18,812,low,manual_review,11900,web,true,589
app_20260501_000000359,2026-07-22 11:03:29,cust_8946993,DE-HE,mortgage,17000,60,659,medium,approved,13600,call_center,false,5
app_20260501_000000360,2026-07-01 13:18:06,cust_6150638,DE-NW,car_loan,52500,36,565,high,rejected,0,mobile,true,1671
app_20260501_000000361,2026-05-31 22:31:33,cust_4067612,ES-MD,bnpl,49500,48,589,high,manual_review,39600,call_center,true,996
app_20260501_000000362,2026-07-23 06:08:04,cust_46357,DE-HE,car_loan,54000,60,729,low,manual_review,37800,web,true,283
app_20260501_000000363,2026-07-29 04:05:30,cust_9821339,DE-BY,mortgage,51000,36,625,medium,approved,40800,partner_api,false,14
app_20260501_000000364,2026-05-15 16:03:58,cust_6596295,DE-HE,mortgage,78000,6,679,medium,rejected,0,call_center,false,21
app_20260501_000000365,2026-07-10 08:58:30,cust_6822369,DE-HH,mortgage,48500,12,573,high,rejected,0,branch,true,1539
app_20260501_000000366,2026-07-03 09:16:44,cust_8064598,DE-BY,credit_card,55500,18,806,low,approved,49950,call_center,false,5
app_20260501_000000367,2026-07-23 05:37:31,cust_4458306,DE-HH,bnpl,61000,36,687,medium,manual_review,42700,partner_api,true,806
app_20260501_000000368,2026-07-18 08:45:35,cust_7235400,DE-BY,mortgage,28500,60,614,high,manual_review,22800,mobile,true,1196
app_20260501_000000369,2026-06-27 20:38:15,cust_2752967,DE-HH,credit_card,47000,6,738,low,approved,37600,partner_api,true,573
app_20260501_000000370,2026-07-25 19:52:58,cust_9196638,DE-BY,car_loan,66500,60,518,high,manual_review,59850,partner_api,true,1752
app_20260501_000000371,2026-05-04 00:39:52,cust_3501893,IT-LAZ,car_loan,21000,60,719,medium,rejected,0,partner_api,false,16
app_20260501_000000372,2026-05-11 03:35:48,cust_688043,DE-NW,credit_card,74500,6,765,low,approved,67050,web,false,20
app_20260501_000000373,2026-06-15 18:40:43,cust_8136731,FR-IDF,mortgage,36000,36,699,medium,manual_review,25200,call_center,true,1212
app_20260501_000000374,2026-07-03 03:35:18,cust_2106086,DE-BE,mortgage,76500,36,616,high,rejected,0,branch,true,1052
app_20260501_000000375,2026-05-28 02:06:55,cust_4770169,IT-LAZ,mortgage,27000,18,737,low,approved,27000,web,true,424
app_20260501_000000376,2026-07-15 01:30:06,cust_32028,IT-LAZ,cash_loan,16000,60,727,low,approved,14400,web,false,15
app_20260501_000000377,2026-07-16 23:43:06,cust_9042602,DE-BY,credit_card,62000,24,779,low,approved,43400,call_center,true,577
app_20260501_000000378,2026-07-28 20:31:55,cust_2045289,IT-LAZ,mortgage,22000,48,694,medium,approved,19800,branch,false,5
app_20260501_000000379,2026-07-14 20:12:59,cust_1685083,FR-IDF,mortgage,11000,24,597,high,manual_review,8800,web,true,644
app_20260501_000000380,2026-06-02 14:31:35,cust_8309465,NL-NH,bnpl,39000,60,759,low,approved,31200,mobile,true,960
app_20260501_000000381,2026-05-08 08:39:04,cust_8522583,IT-LAZ,cash_loan,78500,18,669,medium,rejected,0,call_center,true,103
app_20260501_000000382,2026-05-18 12:41:08,cust_8372077,ES-MD,bnpl,21500,36,720,low,approved,17200,call_center,false,20
app_20260501_000000383,2026-06-23 17:20:49,cust_4923387,DE-HH,bnpl,23000,36,715,medium,approved,16099,branch,false,24
app_20260501_000000384,2026-06-26 04:47:03,cust_6158798,ES-MD,mortgage,52000,48,554,high,manual_review,52000,partner_api,true,966
app_20260501_000000385,2026-06-04 21:03:27,cust_7869613,DE-BY,bnpl,79000,24,785,low,approved,71100,web,true,194
app_20260501_000000386,2026-07-08 17:19:18,cust_8322319,DE-HE,cash_loan,57000,60,763,low,approved,57000,partner_api,false,20
app_20260501_000000387,2026-07-12 07:43:13,cust_2268567,NL-NH,credit_card,43000,12,554,high,approved,30099,web,true,288
app_20260501_000000388,2026-05-17 04:47:40,cust_6404624,DE-NW,car_loan,49500,6,616,high,approved,34650,branch,true,507
app_20260501_000000389,2026-05-14 18:51:39,cust_448939,IT-LAZ,mortgage,62500,12,838,low,approved,43750,partner_api,false,22
app_20260501_000000390,2026-05-11 11:24:45,cust_5674867,DE-HH,credit_card,37500,24,671,medium,approved,37500,partner_api,false,22
app_20260501_000000391,2026-05-04 05:13:00,cust_1356016,DE-HH,cash_loan,57000,6,683,medium,manual_review,51300,mobile,true,998
app_20260501_000000392,2026-06-07 15:45:04,cust_7161347,IT-LAZ,credit_card,59500,60,646,medium,manual_review,41650,call_center,true,1756
app_20260501_000000393,2026-05-03 18:16:28,cust_3732364,DE-NW,mortgage,21500,24,551,high,rejected,0,partner_api,true,1052
app_20260501_000000394,2026-06-04 06:58:37,cust_539534,NL-NH,car_loan,7000,6,699,medium,manual_review,6300,call_center,true,1605
app_20260501_000000395,2026-05-26 05:18:20,cust_5900653,DE-NW,bnpl,5000,48,726,low,approved,4000,mobile,true,1610
app_20260501_000000396,2026-07-08 10:59:08,cust_729667,DE-BE,mortgage,42500,12,758,low,approved,29749,partner_api,false,20
app_20260501_000000397,2026-06-27 20:01:31,cust_8348913,ES-MD,cash_loan,9000,6,737,low,approved,8100,partner_api,true,1267
app_20260501_000000398,2026-07-21 08:36:55,cust_433830,FR-IDF,credit_card,45500,6,679,medium,manual_review,40950,web,true,498
app_20260501_000000399,2026-05-14 13:15:33,cust_3055174,FR-IDF,car_loan,17500,6,615,high,manual_review,12250,call_center,true,1291
app_20260501_000000400,2026-06-26 17:00:22,cust_7267001,DE-HH,bnpl,10000,24,645,medium,manual_review,9000,web,true,790
app_20260501_000000401,2026-05-26 11:51:49,cust_9299360,FR-IDF,credit_card,24500,6,617,high,rejected,0,web,true,294
app_20260501_000000402,2026-05-30 17:45:04,cust_3563746,NL-NH,credit_card,66000,18,623,medium,manual_review,59400,mobile,true,84
app_20260501_000000403,2026-06-07 06:48:17,cust_5434473,DE-HE,car_loan,11000,60,648,medium,approved,11000,mobile,false,21
app_20260501_000000404,2026-05-20 19:15:46,cust_9672446,FR-IDF,cash_loan,79500,24,661,medium,manual_review,71550,web,true,1324
app_20260501_000000405,2026-05-27 12:22:03,cust_9865395,ES-MD,car_loan,9500,48,745,low,approved,7600,partner_api,false,18
app_20260501_000000406,2026-07-13 02:12:53,cust_352822,DE-NW,cash_loan,41000,36,652,medium,approved,32800,partner_api,false,8
app_20260501_000000407,2026-05-06 09:43:11,cust_6860146,DE-HH,bnpl,5500,24,710,medium,rejected,0,mobile,false,19
app_20260501_000000408,2026-06-23 00:06:00,cust_5119689,DE-HH,mortgage,38500,60,706,medium,approved,38500,mobile,false,25
app_20260501_000000409,2026-05-20 19:55:25,cust_2940060,DE-NW,credit_card,40500,48,701,medium,approved,40500,call_center,false,22
app_20260501_000000410,2026-05-19 19:20:33,cust_1280519,DE-BE,car_loan,57500,36,843,low,approved,46000,call_center,false,16
app_20260501_000000411,2026-05-24 19:24:40,cust_4986067,DE-BY,mortgage,18000,60,746,low,approved,18000,call_center,true,1254
app_20260501_000000412,2026-05-13 22:25:53,cust_2584098,IT-LAZ,car_loan,54500,18,448,high,manual_review,38150,branch,true,1220
app_20260501_000000413,2026-06-18 14:20:37,cust_889543,ES-MD,bnpl,53500,18,686,medium,approved,53500,partner_api,false,12
app_20260501_000000414,2026-07-16 00:52:02,cust_2361378,ES-MD,car_loan,55500,60,695,medium,approved,44400,call_center,false,21
app_20260501_000000415,2026-05-03 22:19:38,cust_4059283,FR-IDF,bnpl,79500,60,684,medium,manual_review,71550,web,true,447
app_20260501_000000416,2026-07-06 08:43:34,cust_69782,DE-HH,car_loan,29000,18,641,medium,manual_review,26100,mobile,true,688
app_20260501_000000417,2026-05-28 03:33:45,cust_3084163,IT-LAZ,mortgage,68500,36,691,medium,rejected,0,branch,true,1110
app_20260501_000000418,2026-06-07 01:55:19,cust_5225283,DE-HE,bnpl,4500,6,691,medium,approved,4500,partner_api,false,11
app_20260501_000000419,2026-05-16 18:27:29,cust_286510,ES-MD,credit_card,18000,24,644,medium,manual_review,12600,call_center,true,1712
app_20260501_000000420,2026-05-22 07:35:52,cust_5679726,DE-BY,mortgage,39000,18,767,low,approved,27300,web,false,21
app_20260501_000000421,2026-06-08 03:41:54,cust_739084,DE-HH,credit_card,75000,36,513,high,manual_review,75000,branch,true,120
app_20260501_000000422,2026-06-25 20:46:24,cust_1292691,DE-HE,mortgage,33000,12,740,low,approved,23100,mobile,false,5
app_20260501_000000423,2026-05-05 10:58:38,cust_8016360,DE-HH,cash_loan,80000,48,564,high,rejected,0,branch,true,1500
app_20260501_000000424,2026-07-12 12:57:40,cust_6548240,FR-IDF,car_loan,7000,48,696,medium,manual_review,4900,partner_api,true,1670
app_20260501_000000425,2026-05-17 16:23:45,cust_308765,FR-IDF,cash_loan,56500,18,618,high,rejected,0,mobile,true,887
app_20260501_000000426,2026-06-02 05:04:27,cust_8303181,FR-IDF,car_loan,30000,18,445,high,rejected,0,web,true,1024
app_20260501_000000427,2026-07-08 21:27:48,cust_3710293,DE-HE,mortgage,74500,18,627,medium,rejected,0,mobile,true,594
app_20260501_000000428,2026-05-26 00:18:07,cust_8751765,NL-NH,credit_card,58000,6,685,medium,manual_review,58000,call_center,true,1224
app_20260501_000000429,2026-07-24 20:25:45,cust_5096811,IT-LAZ,car_loan,8500,18,464,high,rejected,0,web,true,1740
app_20260501_000000430,2026-07-23 11:02:37,cust_2474399,DE-BE,cash_loan,23500,6,617,high,rejected,0,branch,true,623
app_20260501_000000431,2026-05-13 06:53:27,cust_6192678,DE-NW,mortgage,70500,18,681,medium,rejected,0,web,true,1439
app_20260501_000000432,2026-05-28 18:10:20,cust_6161212,IT-LAZ,cash_loan,4500,18,625,medium,approved,3150,call_center,true,1515
app_20260501_000000433,2026-07-04 01:09:35,cust_8939166,ES-MD,credit_card,59500,24,660,medium,manual_review,47600,web,true,1030
app_20260501_000000434,2026-05-29 18:33:25,cust_2610235,ES-MD,cash_loan,72000,48,590,high,manual_review,72000,mobile,true,1571
app_20260501_000000435,2026-05-02 08:54:51,cust_5728753,DE-HH,mortgage,21000,48,595,high,rejected,0,mobile,true,405
app_20260501_000000436,2026-07-27 10:00:35,cust_6929984,DE-HH,car_loan,69500,24,638,medium,approved,55600,branch,false,7
app_20260501_000000437,2026-05-05 13:23:08,cust_5041581,DE-HE,cash_loan,66000,6,598,high,manual_review,59400,mobile,true,1410
app_20260501_000000438,2026-06-15 19:59:27,cust_5592419,DE-HH,mortgage,65500,48,746,low,approved,45850,web,false,8
app_20260501_000000439,2026-06-13 09:04:20,cust_2953717,DE-BE,car_loan,35500,60,675,medium,manual_review,31950,partner_api,true,814
app_20260501_000000440,2026-06-20 18:45:50,cust_7691127,IT-LAZ,mortgage,34000,24,624,medium,approved,23800,web,true,129
app_20260501_000000441,2026-07-15 17:00:32,cust_3617595,ES-MD,credit_card,65500,60,747,low,approved,45850,branch,true,169
app_20260501_000000442,2026-06-23 04:30:16,cust_1084919,DE-BY,mortgage,2500,60,568,high,manual_review,2250,mobile,true,418
app_20260501_000000443,2026-07-02 03:19:18,cust_4800717,IT-LAZ,mortgage,37500,6,738,low,approved,26250,branch,false,15
app_20260501_000000444,2026-07-19 08:18:35,cust_6771979,ES-MD,credit_card,14000,48,602,high,rejected,0,call_center,true,1453
app_20260501_000000445,2026-07-03 01:02:06,cust_6584888,NL-NH,car_loan,22500,36,749,low,approved,15749,branch,false,9
app_20260501_000000446,2026-06-09 21:40:28,cust_5335425,IT-LAZ,car_loan,30500,60,720,low,approved,21350,call_center,false,20
app_20260501_000000447,2026-07-16 22:10:06,cust_5992171,IT-LAZ,cash_loan,77500,6,814,low,manual_review,62000,partner_api,true,1058
app_20260501_000000448,2026-06-06 23:22:05,cust_1414822,DE-NW,mortgage,17500,12,576,high,manual_review,15750,mobile,true,688
app_20260501_000000449,2026-05-03 00:24:53,cust_3759633,DE-HE,cash_loan,55000,18,776,low,approved,49500,web,false,6
app_20260501_000000450,2026-06-25 00:49:24,cust_8684567,IT-LAZ,credit_card,70000,12,711,medium,manual_review,49000,call_center,true,1279
app_20260501_000000451,2026-06-05 03:20:51,cust_2034047,DE-BE,bnpl,24500,6,666,medium,approved,22050,branch,true,1633
app_20260501_000000452,2026-05-27 04:36:58,cust_8535554,IT-LAZ,bnpl,24500,12,756,low,approved,24500,call_center,false,24
app_20260501_000000453,2026-05-02 09:11:23,cust_9695909,DE-HE,credit_card,48000,12,537,high,manual_review,48000,mobile,true,1115
app_20260501_000000454,2026-05-23 06:32:03,cust_2621385,FR-IDF,mortgage,64000,60,623,medium,rejected,0,partner_api,false,9
app_20260501_000000455,2026-05-19 15:10:15,cust_9900831,FR-IDF,cash_loan,1500,18,656,medium,approved,1350,partner_api,false,19
app_20260501_000000456,2026-07-24 03:33:48,cust_169730,FR-IDF,cash_loan,15500,6,697,medium,approved,15500,web,true,1390
app_20260501_000000457,2026-05-13 07:29:39,cust_9240179,DE-BE,cash_loan,70500,12,676,medium,rejected,0,web,true,127
app_20260501_000000458,2026-06-12 16:31:05,cust_1380961,FR-IDF,cash_loan,73000,24,736,low,approved,73000,web,true,143
app_20260501_000000459,2026-07-16 23:08:00,cust_2933543,DE-NW,credit_card,14500,12,556,high,rejected,0,partner_api,true,1789
app_20260501_000000460,2026-07-02 21:44:21,cust_2524971,FR-IDF,credit_card,20000,6,672,medium,approved,20000,call_center,false,18
app_20260501_000000461,2026-07-08 07:01:29,cust_6466838,DE-BE,car_loan,20000,36,681,medium,approved,20000,web,true,1216
app_20260501_000000462,2026-05-01 14:35:35,cust_1245090,FR-IDF,cash_loan,42500,6,693,medium,approved,38250,partner_api,false,5
app_20260501_000000463,2026-05-02 01:00:48,cust_2401609,IT-LAZ,cash_loan,40500,24,568,high,rejected,0,web,true,1467
app_20260501_000000464,2026-07-26 23:30:53,cust_7511945,ES-MD,car_loan,18500,24,741,low,manual_review,12950,mobile,true,1621
app_20260501_000000465,2026-05-16 23:43:16,cust_8260376,DE-HH,mortgage,50000,60,765,low,approved,35000,web,false,18
app_20260501_000000466,2026-07-21 00:19:33,cust_6722280,ES-MD,credit_card,18500,24,659,medium,rejected,0,web,false,9
app_20260501_000000467,2026-06-24 14:11:55,cust_4926694,IT-LAZ,mortgage,28500,36,730,low,approved,22800,partner_api,false,21
app_20260501_000000468,2026-06-03 14:21:11,cust_717861,DE-NW,car_loan,28500,6,763,low,manual_review,22800,branch,true,453
app_20260501_000000469,2026-06-15 15:34:31,cust_9783376,DE-BE,mortgage,42500,48,728,low,approved,42500,web,false,9
app_20260501_000000470,2026-06-07 06:02:11,cust_5670163,DE-NW,bnpl,39000,24,563,high,approved,35100,call_center,true,1057
app_20260501_000000471,2026-06-16 02:10:05,cust_3817684,ES-MD,mortgage,69500,18,744,low,manual_review,69500,partner_api,true,1580
app_20260501_000000472,2026-06-15 01:49:06,cust_1627285,DE-BY,cash_loan,45500,6,757,low,approved,36400,web,true,1773
app_20260501_000000473,2026-07-25 23:23:26,cust_4697440,IT-LAZ,cash_loan,65500,24,793,low,approved,45850,call_center,true,1517
app_20260501_000000474,2026-05-10 22:39:59,cust_3243671,FR-IDF,car_loan,15500,12,659,medium,manual_review,15500,call_center,true,1262
app_20260501_000000475,2026-05-01 15:58:10,cust_9865186,DE-HH,credit_card,32500,60,676,medium,approved,26000,web,false,24
app_20260501_000000476,2026-05-13 09:04:29,cust_8914182,NL-NH,bnpl,12500,12,644,medium,approved,12500,web,false,11
app_20260501_000000477,2026-06-18 02:28:06,cust_4024055,DE-BY,mortgage,30500,6,698,medium,manual_review,21350,call_center,true,150
app_20260501_000000478,2026-07-25 00:54:53,cust_415623,ES-MD,bnpl,48000,6,631,medium,manual_review,38400,web,true,1249
app_20260501_000000479,2026-07-28 21:41:53,cust_8918070,DE-BY,mortgage,75000,36,651,medium,approved,75000,mobile,false,21
app_20260501_000000480,2026-05-10 16:47:30,cust_5616845,NL-NH,mortgage,51500,60,629,medium,rejected,0,partner_api,true,253
app_20260501_000000481,2026-05-27 13:57:55,cust_7732698,NL-NH,credit_card,60000,6,714,medium,approved,54000,branch,false,22
app_20260501_000000482,2026-07-15 00:40:23,cust_5076142,DE-HH,credit_card,26000,24,846,low,manual_review,20800,branch,true,661
app_20260501_000000483,2026-07-08 21:33:14,cust_7541995,IT-LAZ,credit_card,25500,12,753,low,approved,22950,partner_api,false,25
app_20260501_000000484,2026-06-05 06:24:54,cust_2951342,DE-BE,car_loan,32500,18,635,medium,rejected,0,call_center,false,5
app_20260501_000000485,2026-05-06 07:26:39,cust_9033020,FR-IDF,cash_loan,36000,12,647,medium,approved,36000,partner_api,false,8
app_20260501_000000486,2026-05-24 19:15:23,cust_8046613,DE-BE,mortgage,79500,24,686,medium,rejected,0,call_center,false,23
app_20260501_000000487,2026-05-28 15:55:19,cust_5911255,DE-NW,car_loan,26000,48,794,low,approved,23400,mobile,false,11
app_20260501_000000488,2026-07-15 16:57:18,cust_3160139,DE-NW,credit_card,27000,60,691,medium,approved,24300,mobile,true,1240
app_20260501_000000489,2026-06-02 10:26:20,cust_9351943,ES-MD,mortgage,42500,60,447,high,manual_review,38250,partner_api,true,1294
app_20260501_000000490,2026-06-15 16:28:21,cust_6010243,DE-BE,bnpl,51500,24,781,low,approved,51500,branch,false,16
app_20260501_000000491,2026-06-23 16:47:44,cust_4871256,NL-NH,bnpl,12000,24,702,medium,approved,8400,branch,false,23
app_20260501_000000492,2026-07-21 09:21:31,cust_7170078,FR-IDF,cash_loan,11500,18,695,medium,approved,10350,call_center,false,10
app_20260501_000000493,2026-07-28 03:39:31,cust_1014796,IT-LAZ,car_loan,46000,6,821,low,rejected,0,partner_api,false,12
app_20260501_000000494,2026-05-18 23:31:21,cust_7930490,IT-LAZ,credit_card,43500,24,545,high,rejected,0,call_center,true,860
app_20260501_000000495,2026-07-18 02:23:12,cust_182266,ES-MD,mortgage,40000,36,793,low,manual_review,28000,branch,true,388
app_20260501_000000496,2026-07-02 18:22:45,cust_3169098,DE-HE,cash_loan,48500,6,664,medium,manual_review,33950,call_center,true,1464
app_20260501_000000497,2026-07-14 22:40:41,cust_4084226,DE-NW,car_loan,59500,36,764,low,rejected,0,branch,false,17
app_20260501_000000498,2026-07-28 11:52:10,cust_4599095,DE-BE,car_loan,59000,18,572,high,manual_review,59000,partner_api,true,785
app_20260501_000000499,2026-06-14 06:11:58,cust_8038859,DE-BE,cash_loan,78500,6,630,medium,rejected,0,branch,false,16
app_20260501_000000500,2026-06-23 12:51:36,cust_5722804,DE-BE,mortgage,18000,24,711,medium,approved,12600,branch,false,3
app_20260501_000000501,2026-07-19 23:46:18,cust_1700937,DE-BE,cash_loan,57000,24,496,high,rejected,0,call_center,true,1601
app_20260501_000000502,2026-05-03 07:17:18,cust_2335749,FR-IDF,credit_card,49000,18,850,low,approved,44100,web,false,12
app_20260501_000000503,2026-07-15 22:19:35,cust_9143673,DE-BE,car_loan,31000,12,710,medium,manual_review,21700,partner_api,true,509
app_20260501_000000504,2026-06-01 06:53:01,cust_7205453,DE-HH,cash_loan,36000,48,661,medium,approved,25200,branch,true,234
app_20260501_000000505,2026-06-07 08:30:54,cust_1668488,DE-BY,cash_loan,20000,60,765,low,approved,14000,partner_api,false,22
app_20260501_000000506,2026-06-09 05:16:08,cust_8557601,NL-NH,car_loan,79500,36,711,medium,approved,63600,call_center,false,21
app_20260501_000000507,2026-06-12 03:33:46,cust_7296283,ES-MD,mortgage,46000,60,639,medium,approved,36800,call_center,false,23
app_20260501_000000508,2026-06-06 17:48:13,cust_8977301,ES-MD,cash_loan,5500,36,644,medium,approved,3849,call_center,false,11
app_20260501_000000509,2026-06-23 23:12:19,cust_2583229,DE-NW,credit_card,38000,60,639,medium,approved,34200,branch,false,23
app_20260501_000000510,2026-05-24 03:46:21,cust_9382962,FR-IDF,mortgage,10000,60,801,low,approved,9000,call_center,false,20
app_20260501_000000511,2026-05-31 20:46:55,cust_4406058,DE-NW,cash_loan,12000,6,628,medium,approved,12000,branch,true,129
app_20260501_000000512,2026-06-10 20:40:36,cust_9200932,FR-IDF,credit_card,39500,18,726,low,approved,39500,web,false,5
app_20260501_000000513,2026-06-24 11:00:11,cust_7383595,DE-BE,bnpl,10000,18,680,medium,approved,7000,web,false,6
app_20260501_000000514,2026-06-12 11:10:30,cust_1782935,IT-LAZ,bnpl,39500,48,620,medium,manual_review,27650,mobile,true,716
app_20260501_000000515,2026-06-14 08:07:27,cust_5629563,DE-NW,mortgage,3000,6,691,medium,approved,2100,call_center,false,12
app_20260501_000000516,2026-06-02 02:54:27,cust_9060814,ES-MD,car_loan,16500,60,713,medium,rejected,0,web,false,13
app_20260501_000000517,2026-05-17 16:45:42,cust_1957399,DE-HH,bnpl,28000,18,575,high,rejected,0,call_center,true,1465
app_20260501_000000518,2026-05-22 19:42:09,cust_8965700,IT-LAZ,credit_card,70000,18,696,medium,manual_review,56000,web,true,156
app_20260501_000000519,2026-05-31 08:56:29,cust_2842156,NL-NH,car_loan,62000,24,677,medium,manual_review,49600,call_center,true,975
app_20260501_000000520,2026-06-13 04:08:47,cust_2432797,ES-MD,mortgage,69000,36,541,high,rejected,0,branch,true,1188
app_20260501_000000521,2026-05-14 07:32:45,cust_4644901,DE-BY,car_loan,11500,36,777,low,approved,8049,partner_api,true,288
app_20260501_000000522,2026-07-11 05:18:45,cust_6029114,ES-MD,car_loan,28000,48,644,medium,manual_review,28000,call_center,true,436
app_20260501_000000523,2026-06-11 11:40:26,cust_8835346,DE-HE,cash_loan,39000,6,567,high,approved,39000,partner_api,true,1420
app_20260501_000000524,2026-07-27 21:56:07,cust_9530159,DE-HE,mortgage,61500,18,560,high,approved,61500,branch,true,625
app_20260501_000000525,2026-06-09 16:46:05,cust_3133077,NL-NH,mortgage,22500,48,587,high,rejected,0,call_center,true,356
app_20260501_000000526,2026-06-03 13:32:21,cust_4310265,DE-HH,car_loan,27500,12,562,high,approved,27500,mobile,true,925
app_20260501_000000527,2026-07-16 19:40:37,cust_6636617,DE-BY,cash_loan,52000,24,668,medium,rejected,0,mobile,false,9
app_20260501_000000528,2026-07-11 17:07:53,cust_2905647,DE-BY,cash_loan,51000,36,627,medium,rejected,0,web,false,11
app_20260501_000000529,2026-06-19 14:22:36,cust_965378,DE-HE,mortgage,31500,60,606,high,rejected,0,call_center,true,779
app_20260501_000000530,2026-05-27 14:57:18,cust_7315768,DE-BE,car_loan,48000,18,557,high,manual_review,48000,web,true,1003
app_20260501_000000531,2026-07-05 00:36:07,cust_8938233,DE-NW,credit_card,44500,6,593,high,rejected,0,call_center,true,1600
app_20260501_000000532,2026-06-21 08:38:09,cust_2780044,NL-NH,car_loan,11500,12,623,medium,rejected,0,branch,false,10
app_20260501_000000533,2026-05-12 23:39:21,cust_4479235,FR-IDF,bnpl,14500,12,592,high,rejected,0,web,true,924
app_20260501_000000534,2026-07-26 04:35:11,cust_6405797,NL-NH,cash_loan,68500,60,771,low,approved,68500,mobile,false,25
app_20260501_000000535,2026-05-23 23:29:18,cust_9127786,DE-HE,bnpl,62500,24,669,medium,approved,50000,partner_api,false,17
app_20260501_000000536,2026-06-25 02:33:38,cust_4190864,DE-HH,mortgage,57000,24,549,high,rejected,0,branch,true,135
app_20260501_000000537,2026-07-26 21:55:10,cust_3254729,DE-BY,cash_loan,77500,48,676,medium,manual_review,54250,web,true,1415
app_20260501_000000538,2026-05-30 01:32:25,cust_7433478,IT-LAZ,credit_card,20000,48,812,low,approved,16000,call_center,false,9
app_20260501_000000539,2026-06-27 08:26:06,cust_388755,DE-BE,cash_loan,16000,18,844,low,approved,11200,partner_api,true,1181
app_20260501_000000540,2026-07-07 03:05:49,cust_7443950,ES-MD,credit_card,4500,24,719,medium,manual_review,4050,mobile,true,523
app_20260501_000000541,2026-06-10 04:10:56,cust_923546,IT-LAZ,mortgage,9500,48,776,low,approved,8550,call_center,false,5
app_20260501_000000542,2026-05-28 07:24:51,cust_5359171,FR-IDF,mortgage,46500,24,754,low,manual_review,37200,branch,true,61
app_20260501_000000543,2026-05-27 23:50:31,cust_343026,ES-MD,credit_card,69500,48,685,medium,manual_review,55600,call_center,true,361
app_20260501_000000544,2026-05-30 06:27:08,cust_3836238,DE-NW,bnpl,19500,36,614,high,manual_review,13650,branch,true,1561
app_20260501_000000545,2026-07-18 22:52:11,cust_3614887,DE-HH,credit_card,69000,24,449,high,manual_review,62100,call_center,true,1223
app_20260501_000000546,2026-06-28 20:42:24,cust_8346416,FR-IDF,cash_loan,72500,48,526,high,rejected,0,web,true,1480
app_20260501_000000547,2026-06-26 02:15:02,cust_796683,FR-IDF,credit_card,76000,18,596,high,approved,53200,branch,true,1434
app_20260501_000000548,2026-05-03 19:54:36,cust_7040404,DE-BE,credit_card,20000,48,674,medium,approved,18000,call_center,false,24
app_20260501_000000549,2026-05-12 05:59:03,cust_64850,IT-LAZ,cash_loan,9000,36,520,high,manual_review,6300,call_center,true,401
app_20260501_000000550,2026-06-15 16:47:26,cust_5358476,IT-LAZ,cash_loan,11000,24,556,high,rejected,0,branch,true,1579
app_20260501_000000551,2026-06-17 17:05:51,cust_73243,DE-NW,bnpl,53000,12,693,medium,manual_review,37100,call_center,true,212
app_20260501_000000552,2026-06-07 21:21:00,cust_5377947,DE-NW,car_loan,4000,18,519,high,manual_review,4000,call_center,true,1567
app_20260501_000000553,2026-05-06 18:48:28,cust_3959184,ES-MD,bnpl,31000,6,629,medium,approved,31000,web,true,1505
app_20260501_000000554,2026-05-02 18:04:10,cust_4772306,DE-NW,cash_loan,53500,12,760,low,approved,37450,web,false,17
app_20260501_000000555,2026-07-09 11:59:38,cust_8465403,NL-NH,credit_card,37500,6,625,medium,approved,26250,call_center,false,21
app_20260501_000000556,2026-07-09 01:12:56,cust_9425912,ES-MD,car_loan,41500,6,615,high,rejected,0,call_center,true,1126
app_20260501_000000557,2026-05-16 13:05:52,cust_7531983,IT-LAZ,mortgage,67500,18,578,high,rejected,0,partner_api,true,1643
app_20260501_000000558,2026-07-18 00:34:02,cust_1933454,DE-BY,cash_loan,19500,18,766,low,approved,13650,web,true,873
app_20260501_000000559,2026-05-22 07:04:01,cust_5553997,DE-HH,credit_card,25500,18,751,low,approved,17850,mobile,true,98
app_20260501_000000560,2026-06-03 01:28:49,cust_939394,DE-BY,credit_card,76500,6,651,medium,manual_review,61200,mobile,true,1468
app_20260501_000000561,2026-06-27 05:43:30,cust_3073353,IT-LAZ,bnpl,1500,12,830,low,approved,1500,branch,false,22
app_20260501_000000562,2026-05-16 08:13:14,cust_9129161,IT-LAZ,cash_loan,5500,18,771,low,approved,4950,branch,true,1514
app_20260501_000000563,2026-06-27 17:47:24,cust_1124865,DE-HH,car_loan,30000,12,507,high,manual_review,21000,call_center,true,1487
app_20260501_000000564,2026-06-27 19:31:30,cust_9780618,FR-IDF,car_loan,61000,18,610,high,manual_review,42700,mobile,true,1695
app_20260501_000000565,2026-06-09 02:09:47,cust_8439928,NL-NH,credit_card,4500,24,723,low,approved,4050,partner_api,false,6
app_20260501_000000566,2026-06-18 08:24:56,cust_5289687,NL-NH,bnpl,39000,24,681,medium,approved,27300,call_center,true,935
app_20260501_000000567,2026-07-22 20:08:44,cust_9496486,ES-MD,cash_loan,57000,48,651,medium,manual_review,51300,branch,true,518
app_20260501_000000568,2026-06-04 09:51:45,cust_5204085,DE-HE,bnpl,79000,24,760,low,rejected,0,partner_api,false,22
app_20260501_000000569,2026-07-19 11:46:39,cust_6046968,DE-HH,bnpl,30000,48,677,medium,approved,27000,web,false,18
app_20260501_000000570,2026-06-03 07:47:15,cust_1396395,DE-BY,car_loan,67500,36,749,low,approved,54000,web,true,1395
app_20260501_000000571,2026-07-19 09:22:25,cust_5031956,DE-HE,mortgage,33500,48,581,high,rejected,0,web,true,1109
app_20260501_000000572,2026-06-14 00:22:04,cust_8782877,FR-IDF,bnpl,32500,24,709,medium,approved,32500,web,false,9
app_20260501_000000573,2026-06-02 15:16:22,cust_8699267,IT-LAZ,credit_card,61000,60,611,high,manual_review,54900,partner_api,true,412
app_20260501_000000574,2026-05-13 11:17:05,cust_8577859,DE-NW,mortgage,79000,36,766,low,approved,55300,mobile,true,1470
app_20260501_000000575,2026-07-13 06:45:40,cust_2390946,DE-NW,car_loan,79500,60,681,medium,manual_review,71550,call_center,true,1010
app_20260501_000000576,2026-06-29 15:33:06,cust_3063150,DE-BE,credit_card,54000,36,666,medium,approved,48600,call_center,true,761
app_20260501_000000577,2026-06-17 19:43:01,cust_2367170,NL-NH,car_loan,50000,6,594,high,manual_review,40000,call_center,true,1637
app_20260501_000000578,2026-07-25 17:02:53,cust_4998465,DE-HH,bnpl,69500,60,662,medium,manual_review,62550,call_center,true,519
app_20260501_000000579,2026-06-19 00:11:12,cust_9367965,NL-NH,credit_card,12000,36,759,low,approved,8400,partner_api,true,1751
app_20260501_000000580,2026-05-27 09:42:04,cust_454900,ES-MD,car_loan,35500,18,541,high,manual_review,31950,call_center,true,63
app_20260501_000000581,2026-07-20 15:26:20,cust_3201113,ES-MD,car_loan,28500,24,768,low,approved,28500,partner_api,true,1040
app_20260501_000000582,2026-06-18 03:27:08,cust_1412918,ES-MD,car_loan,7000,18,709,medium,approved,4900,partner_api,true,1523
app_20260501_000000583,2026-06-27 00:29:44,cust_6938039,IT-LAZ,bnpl,80000,36,685,medium,manual_review,72000,branch,true,895
app_20260501_000000584,2026-06-16 08:27:29,cust_4158222,NL-NH,credit_card,11000,48,749,low,approved,9900,call_center,false,19
app_20260501_000000585,2026-06-12 04:28:34,cust_1694441,FR-IDF,credit_card,11000,18,761,low,approved,7699,branch,false,9
app_20260501_000000586,2026-07-24 09:52:33,cust_5434281,DE-NW,bnpl,62500,24,659,medium,manual_review,62500,web,true,138
app_20260501_000000587,2026-07-11 15:14:05,cust_2228493,DE-HE,cash_loan,67000,36,644,medium,rejected,0,web,true,1261
app_20260501_000000588,2026-07-13 19:43:50,cust_2012631,DE-BE,credit_card,20500,12,781,low,approved,18450,branch,false,22
app_20260501_000000589,2026-07-25 21:32:30,cust_1990552,ES-MD,credit_card,54500,60,636,medium,rejected,0,partner_api,false,5
app_20260501_000000590,2026-07-03 12:21:32,cust_4470777,FR-IDF,cash_loan,32000,24,825,low,manual_review,22400,branch,true,1488
app_20260501_000000591,2026-07-06 18:28:02,cust_2736165,ES-MD,car_loan,7000,48,759,low,approved,5600,partner_api,true,564
app_20260501_000000592,2026-07-21 06:08:54,cust_8315892,DE-HE,mortgage,63000,6,533,high,approved,44100,partner_api,true,1633
app_20260501_000000593,2026-07-01 08:01:42,cust_2122695,FR-IDF,mortgage,42000,12,508,high,manual_review,42000,partner_api,true,145
app_20260501_000000594,2026-06-14 09:24:33,cust_4048902,NL-NH,bnpl,59500,36,702,medium,approved,41650,call_center,false,9
app_20260501_000000595,2026-05-28 22:36:06,cust_4117595,DE-HE,mortgage,1000,18,552,high,manual_review,800,partner_api,true,1331
app_20260501_000000596,2026-06-26 15:51:43,cust_1335971,IT-LAZ,cash_loan,74500,48,644,medium,approved,59600,partner_api,false,12
app_20260501_000000597,2026-07-02 03:46:00,cust_9847368,NL-NH,cash_loan,4500,18,711,medium,manual_review,3600,partner_api,true,425
app_20260501_000000598,2026-07-18 17:45:58,cust_1412568,DE-NW,bnpl,52500,12,653,medium,rejected,0,mobile,true,366
app_20260501_000000599,2026-06-17 15:55:34,cust_7594950,IT-LAZ,car_loan,17500,18,615,high,rejected,0,branch,true,467
app_20260501_000000600,2026-05-15 14:24:31,cust_7993579,NL-NH,car_loan,54500,48,623,medium,approved,38150,call_center,false,25
app_20260501_000000601,2026-06-03 12:10:48,cust_3260311,DE-NW,car_loan,64500,48,503,high,approved,58050,call_center,true,1204
app_20260501_000000602,2026-05-16 22:42:13,cust_511738,DE-HE,car_loan,33000,24,645,medium,approved,33000,call_center,true,485
app_20260501_000000603,2026-07-19 18:33:37,cust_1037276,DE-NW,bnpl,8000,12,649,medium,manual_review,8000,call_center,true,1166
app_20260501_000000604,2026-07-24 19:40:56,cust_7136419,DE-NW,bnpl,59500,48,727,low,approved,47600,web,false,25
app_20260501_000000605,2026-07-21 11:00:46,cust_9857776,IT-LAZ,mortgage,24000,18,733,low,manual_review,19200,partner_api,true,273
app_20260501_000000606,2026-07-04 10:25:25,cust_4914278,ES-MD,cash_loan,1000,24,690,medium,approved,800,call_center,false,7
app_20260501_000000607,2026-06-01 23:14:36,cust_6000200,DE-HH,bnpl,26000,24,572,high,manual_review,23400,mobile,true,231
app_20260501_000000608,2026-05-28 09:20:47,cust_3146189,FR-IDF,bnpl,20000,12,630,medium,manual_review,20000,web,true,1263
app_20260501_000000609,2026-06-05 23:17:51,cust_3146088,DE-NW,mortgage,52500,6,841,low,approved,52500,web,true,1115
app_20260501_000000610,2026-05-11 04:56:34,cust_7601860,NL-NH,bnpl,66000,6,701,medium,rejected,0,mobile,false,24
app_20260501_000000611,2026-05-31 09:33:32,cust_7036566,IT-LAZ,car_loan,22500,60,633,medium,approved,22500,web,true,350
app_20260501_000000612,2026-06-30 23:40:01,cust_5572261,DE-BY,bnpl,66000,60,836,low,approved,52800,call_center,false,4
app_20260501_000000613,2026-05-10 02:47:03,cust_8598933,DE-HE,credit_card,71500,36,658,medium,manual_review,50050,web,true,549
app_20260501_000000614,2026-06-19 06:15:49,cust_1704078,DE-BY,mortgage,53500,36,779,low,approved,53500,mobile,false,6
app_20260501_000000615,2026-07-11 05:13:17,cust_5892068,IT-LAZ,bnpl,53000,6,849,low,approved,37100,partner_api,false,18
app_20260501_000000616,2026-05-23 13:26:15,cust_558304,ES-MD,bnpl,46500,48,592,high,approved,41850,mobile,true,131
app_20260501_000000617,2026-05-04 07:24:24,cust_164518,DE-HH,bnpl,28500,60,779,low,approved,25650,branch,false,6
app_20260501_000000618,2026-06-09 14:50:42,cust_5890689,DE-HH,mortgage,44500,18,637,medium,manual_review,44500,partner_api,true,635
app_20260501_000000619,2026-06-21 16:25:00,cust_5192075,ES-MD,credit_card,47000,36,711,medium,rejected,0,call_center,false,17
app_20260501_000000620,2026-07-13 05:12:02,cust_6249736,DE-BY,bnpl,5000,24,607,high,manual_review,3500,branch,true,372
app_20260501_000000621,2026-06-04 17:42:53,cust_314445,DE-HH,bnpl,18500,60,685,medium,approved,18500,call_center,false,6
app_20260501_000000622,2026-05-27 11:37:04,cust_3002899,DE-HH,mortgage,77000,6,607,high,rejected,0,branch,true,1313
app_20260501_000000623,2026-07-25 16:08:44,cust_5379364,DE-HH,cash_loan,46000,12,581,high,rejected,0,mobile,true,1212
app_20260501_000000624,2026-07-18 12:07:15,cust_1248998,ES-MD,cash_loan,46500,12,850,low,approved,32549,partner_api,false,16
app_20260501_000000625,2026-05-20 22:30:06,cust_5456587,NL-NH,car_loan,46000,12,584,high,rejected,0,web,true,1434
app_20260501_000000626,2026-06-07 04:48:11,cust_618943,DE-BY,car_loan,80000,36,696,medium,approved,72000,call_center,false,6
app_20260501_000000627,2026-05-13 17:09:16,cust_1950986,DE-HE,bnpl,16500,6,833,low,manual_review,13200,branch,true,1034
app_20260501_000000628,2026-06-23 13:28:37,cust_5256683,DE-BE,credit_card,33500,18,689,medium,manual_review,33500,call_center,true,319
app_20260501_000000629,2026-05-21 11:52:46,cust_6904732,DE-BY,mortgage,58000,12,698,medium,approved,52200,web,true,382
app_20260501_000000630,2026-07-20 12:25:01,cust_5263737,DE-NW,car_loan,9000,18,738,low,manual_review,8100,web,true,97
app_20260501_000000631,2026-05-14 18:10:48,cust_7557859,DE-BY,cash_loan,50500,18,703,medium,approved,35350,partner_api,true,1766
app_20260501_000000632,2026-05-19 00:30:20,cust_5004503,DE-BY,bnpl,37500,24,609,high,manual_review,30000,mobile,true,1112
app_20260501_000000633,2026-07-10 00:14:26,cust_797907,FR-IDF,bnpl,33500,60,584,high,manual_review,30150,partner_api,true,973
app_20260501_000000634,2026-07-04 13:58:45,cust_3208365,DE-HH,bnpl,34500,6,740,low,approved,34500,mobile,true,149
app_20260501_000000635,2026-05-09 18:40:33,cust_9541114,DE-HH,car_loan,6500,60,633,medium,approved,6500,partner_api,true,612
app_20260501_000000636,2026-06-24 19:53:36,cust_357908,IT-LAZ,cash_loan,47000,48,642,medium,approved,37600,call_center,false,8
app_20260501_000000637,2026-05-26 02:17:33,cust_114642,DE-HH,car_loan,59500,24,815,low,approved,59500,call_center,false,20
app_20260501_000000638,2026-07-28 13:17:39,cust_3249100,ES-MD,bnpl,78000,48,723,low,manual_review,70200,branch,true,1660
app_20260501_000000639,2026-06-20 03:07:57,cust_2426406,IT-LAZ,bnpl,54000,60,694,medium,approved,48600,partner_api,false,23
app_20260501_000000640,2026-06-03 04:15:27,cust_8865514,DE-BY,mortgage,31000,48,713,medium,approved,27900,call_center,false,24
app_20260501_000000641,2026-05-30 08:33:55,cust_5646242,DE-NW,credit_card,44500,6,588,high,rejected,0,web,true,987
app_20260501_000000642,2026-06-16 08:20:18,cust_6379917,NL-NH,cash_loan,59000,24,514,high,manual_review,53100,web,true,92
app_20260501_000000643,2026-07-21 16:54:21,cust_2211104,FR-IDF,credit_card,59000,12,656,medium,approved,53100,mobile,false,3
app_20260501_000000644,2026-06-07 04:00:20,cust_4891810,NL-NH,cash_loan,77500,48,600,high,manual_review,62000,partner_api,true,1420
app_20260501_000000645,2026-05-05 07:11:24,cust_8665031,DE-HH,cash_loan,8500,48,582,high,approved,7650,partner_api,true,672
app_20260501_000000646,2026-07-16 03:11:26,cust_7468768,DE-HH,mortgage,39000,60,780,low,approved,35100,partner_api,true,124
app_20260501_000000647,2026-05-13 20:35:27,cust_4668329,DE-HH,car_loan,21500,60,714,medium,manual_review,21500,web,true,758
app_20260501_000000648,2026-07-24 12:19:12,cust_9246831,NL-NH,cash_loan,78500,18,687,medium,manual_review,62800,partner_api,true,1557
app_20260501_000000649,2026-05-04 17:48:06,cust_5923775,DE-HE,car_loan,46500,36,765,low,approved,46500,call_center,false,7
app_20260501_000000650,2026-05-15 15:03:27,cust_7323913,DE-NW,cash_loan,65500,18,594,high,rejected,0,partner_api,true,1602
app_20260501_000000651,2026-05-12 12:29:27,cust_9678906,DE-HE,bnpl,32000,12,676,medium,manual_review,22400,web,true,719
app_20260501_000000652,2026-06-09 12:13:51,cust_84807,NL-NH,credit_card,62000,36,710,medium,manual_review,49600,web,true,1781
app_20260501_000000653,2026-05-28 08:20:24,cust_7417393,DE-NW,cash_loan,28500,6,532,high,approved,19950,mobile,true,785
app_20260501_000000654,2026-06-19 10:47:27,cust_8820463,DE-BE,car_loan,78500,48,697,medium,manual_review,78500,call_center,true,1462
app_20260501_000000655,2026-06-28 01:58:17,cust_9851894,DE-BY,cash_loan,23000,24,588,high,rejected,0,partner_api,true,1396
app_20260501_000000656,2026-05-17 22:28:15,cust_6429625,DE-HE,car_loan,9500,18,675,medium,manual_review,6650,branch,true,620
app_20260501_000000657,2026-07-17 12:53:21,cust_4121309,DE-BE,mortgage,32000,48,596,high,manual_review,32000,web,true,1773
app_20260501_000000658,2026-07-11 22:08:28,cust_3164377,DE-NW,mortgage,29500,60,720,low,approved,26550,branch,true,229
app_20260501_000000659,2026-06-11 00:39:54,cust_1000556,NL-NH,credit_card,70000,12,672,medium,approved,63000,branch,true,425
app_20260501_000000660,2026-05-22 03:33:20,cust_8698285,NL-NH,credit_card,31000,48,613,high,approved,27900,partner_api,true,918
app_20260501_000000661,2026-06-07 18:36:07,cust_3750020,ES-MD,credit_card,17500,60,737,low,manual_review,12250,mobile,true,185
app_20260501_000000662,2026-05-25 06:10:20,cust_305228,ES-MD,mortgage,32000,12,655,medium,manual_review,28800,mobile,true,775
app_20260501_000000663,2026-06-05 20:23:01,cust_2422645,ES-MD,bnpl,1500,18,650,medium,approved,1500,branch,true,740
app_20260501_000000664,2026-05-16 17:17:59,cust_3505991,NL-NH,car_loan,46500,60,701,medium,rejected,0,web,false,6
app_20260501_000000665,2026-07-27 02:28:49,cust_1351398,DE-HH,car_loan,50000,48,721,low,approved,40000,web,false,13
app_20260501_000000666,2026-05-15 20:06:21,cust_4484412,ES-MD,credit_card,65500,12,617,high,manual_review,45850,call_center,true,1109
app_20260501_000000667,2026-05-18 16:29:28,cust_2784495,IT-LAZ,credit_card,19500,12,622,medium,rejected,0,call_center,true,307
app_20260501_000000668,2026-05-30 15:52:40,cust_9303808,DE-BY,car_loan,36500,24,599,high,rejected,0,partner_api,true,408
app_20260501_000000669,2026-05-18 21:42:12,cust_1280418,DE-HH,mortgage,38500,12,757,low,approved,26950,call_center,false,24
app_20260501_000000670,2026-06-18 15:42:20,cust_4044175,DE-HH,cash_loan,2500,18,595,high,rejected,0,partner_api,true,1219
app_20260501_000000671,2026-05-04 00:14:42,cust_1005803,FR-IDF,bnpl,66000,12,639,medium,manual_review,59400,web,true,1015
app_20260501_000000672,2026-05-02 07:29:30,cust_2343875,DE-HH,bnpl,13500,36,692,medium,approved,13500,branch,true,1287
app_20260501_000000673,2026-07-20 13:47:46,cust_1711500,IT-LAZ,cash_loan,13500,6,785,low,approved,12150,mobile,false,19
app_20260501_000000674,2026-05-19 17:48:58,cust_8205808,DE-HE,mortgage,34000,6,789,low,manual_review,34000,mobile,true,316
app_20260501_000000675,2026-05-09 08:30:48,cust_4141316,DE-BY,bnpl,30000,18,685,medium,approved,27000,web,true,208
app_20260501_000000676,2026-05-22 18:20:32,cust_8686697,NL-NH,credit_card,4500,36,760,low,approved,4500,partner_api,false,4
app_20260501_000000677,2026-06-27 05:49:22,cust_8323717,FR-IDF,mortgage,3000,18,475,high,rejected,0,branch,true,652
app_20260501_000000678,2026-06-19 08:02:20,cust_8432902,FR-IDF,mortgage,36000,48,823,low,approved,25200,call_center,true,131
app_20260501_000000679,2026-06-29 19:39:50,cust_8289568,ES-MD,mortgage,4500,24,677,medium,approved,3150,web,false,25
app_20260501_000000680,2026-05-21 09:12:57,cust_8194062,DE-BE,credit_card,16500,60,789,low,approved,13200,web,false,23
app_20260501_000000681,2026-07-05 14:03:53,cust_4429662,FR-IDF,bnpl,30500,36,652,medium,manual_review,24400,branch,true,256
app_20260501_000000682,2026-07-19 20:13:59,cust_7862279,DE-BY,mortgage,68000,18,691,medium,approved,54400,branch,false,24
app_20260501_000000683,2026-05-18 13:37:49,cust_2184254,DE-NW,car_loan,54500,48,647,medium,rejected,0,mobile,false,6
app_20260501_000000684,2026-06-21 14:16:59,cust_9029334,ES-MD,cash_loan,15000,18,666,medium,rejected,0,partner_api,false,7
app_20260501_000000685,2026-06-08 08:17:25,cust_4161076,IT-LAZ,car_loan,14000,48,678,medium,approved,14000,call_center,false,3
app_20260501_000000686,2026-05-21 16:17:47,cust_5781562,DE-HE,mortgage,12500,18,741,low,approved,8750,partner_api,true,1434
app_20260501_000000687,2026-06-16 07:18:27,cust_4936152,DE-BE,cash_loan,11500,36,716,medium,approved,11500,partner_api,false,22
app_20260501_000000688,2026-05-08 16:27:46,cust_1812614,FR-IDF,mortgage,35500,12,667,medium,approved,35500,call_center,true,723
app_20260501_000000689,2026-07-05 13:12:07,cust_7313967,DE-HH,car_loan,31500,24,733,low,approved,22050,branch,false,9
app_20260501_000000690,2026-06-26 20:05:08,cust_57576,FR-IDF,bnpl,62500,24,812,low,approved,43750,partner_api,false,10
app_20260501_000000691,2026-06-26 01:43:56,cust_735628,DE-NW,bnpl,71500,48,625,medium,rejected,0,mobile,true,1263
app_20260501_000000692,2026-07-14 14:03:37,cust_7676087,FR-IDF,mortgage,59000,24,472,high,manual_review,53100,mobile,true,1561
app_20260501_000000693,2026-05-24 10:49:12,cust_6872856,ES-MD,mortgage,56500,12,721,low,approved,45200,mobile,false,6
app_20260501_000000694,2026-07-04 13:09:41,cust_1388047,DE-BE,bnpl,74500,12,720,low,approved,52150,web,false,20
app_20260501_000000695,2026-06-04 09:07:35,cust_5572686,DE-BY,mortgage,41500,48,650,medium,manual_review,37350,branch,true,599
app_20260501_000000696,2026-05-23 16:50:46,cust_7776738,NL-NH,credit_card,47500,18,667,medium,approved,38000,branch,false,19
app_20260501_000000697,2026-07-28 05:31:12,cust_2084172,DE-BY,cash_loan,68500,24,578,high,rejected,0,branch,true,1198
app_20260501_000000698,2026-05-19 18:19:34,cust_4025436,NL-NH,credit_card,5000,24,707,medium,approved,4000,partner_api,true,1444
app_20260501_000000699,2026-07-16 09:53:47,cust_8063986,FR-IDF,bnpl,9000,6,751,low,approved,8100,branch,false,25
app_20260501_000000700,2026-05-23 20:36:10,cust_7182548,DE-NW,cash_loan,2000,6,663,medium,manual_review,2000,branch,true,1403
app_20260501_000000701,2026-05-05 17:42:54,cust_7593969,DE-HE,mortgage,21000,12,731,low,manual_review,14699,mobile,true,139
app_20260501_000000702,2026-06-21 11:51:07,cust_5879916,IT-LAZ,bnpl,79500,6,695,medium,manual_review,63600,web,true,205
app_20260501_000000703,2026-07-25 21:57:23,cust_5583727,DE-HE,credit_card,38000,36,658,medium,approved,38000,branch,true,1520
app_20260501_000000704,2026-05-26 19:47:33,cust_525988,IT-LAZ,bnpl,40000,12,549,high,manual_review,28000,mobile,true,888
app_20260501_000000705,2026-05-26 09:44:46,cust_6289503,FR-IDF,mortgage,9000,18,809,low,approved,6300,partner_api,false,15
app_20260501_000000706,2026-07-14 14:26:31,cust_3290385,DE-NW,mortgage,63500,48,718,medium,manual_review,44450,call_center,true,512
app_20260501_000000707,2026-05-11 21:55:06,cust_9401978,FR-IDF,credit_card,74500,18,634,medium,approved,59600,mobile,false,7
app_20260501_000000708,2026-06-07 00:14:10,cust_9026653,DE-HE,car_loan,24500,36,618,high,rejected,0,branch,true,366
app_20260501_000000709,2026-07-04 09:09:43,cust_1386145,DE-HE,cash_loan,20000,12,711,medium,manual_review,14000,partner_api,true,1006
app_20260501_000000710,2026-06-05 17:59:57,cust_5597255,DE-BE,cash_loan,14500,36,624,medium,manual_review,13050,mobile,true,1183
app_20260501_000000711,2026-06-03 06:34:50,cust_6080038,DE-HH,bnpl,37500,48,776,low,approved,30000,mobile,false,15
app_20260501_000000712,2026-06-06 05:19:28,cust_293790,ES-MD,bnpl,31500,48,579,high,rejected,0,mobile,true,1133
app_20260501_000000713,2026-07-06 08:53:14,cust_4288353,DE-BY,mortgage,32500,6,646,medium,approved,32500,web,true,164
app_20260501_000000714,2026-06-20 05:05:21,cust_977581,DE-HE,car_loan,69000,60,739,low,approved,69000,call_center,false,4
app_20260501_000000715,2026-06-03 20:17:53,cust_537776,DE-BE,credit_card,28000,60,764,low,approved,25200,mobile,true,1377
app_20260501_000000716,2026-06-12 23:19:36,cust_4583458,DE-NW,cash_loan,31500,48,597,high,rejected,0,mobile,true,249
app_20260501_000000717,2026-06-20 06:09:18,cust_1142689,IT-LAZ,bnpl,67500,24,531,high,approved,60750,mobile,true,1545
app_20260501_000000718,2026-06-22 12:45:36,cust_4614512,DE-HH,cash_loan,20000,24,667,medium,approved,14000,branch,false,23
app_20260501_000000719,2026-05-10 11:14:55,cust_4853495,ES-MD,car_loan,70500,60,589,high,manual_review,63450,web,true,609
app_20260501_000000720,2026-06-23 21:59:40,cust_6475991,DE-NW,mortgage,7500,60,652,medium,approved,7500,mobile,false,9
app_20260501_000000721,2026-06-16 18:55:41,cust_9809843,NL-NH,credit_card,23000,6,713,medium,rejected,0,web,true,595
app_20260501_000000722,2026-05-25 18:16:59,cust_6756495,FR-IDF,bnpl,50000,24,682,medium,approved,40000,mobile,false,19
app_20260501_000000723,2026-07-01 19:56:26,cust_4963526,NL-NH,bnpl,49000,24,499,high,rejected,0,web,true,548
app_20260501_000000724,2026-07-05 09:09:30,cust_2251116,FR-IDF,mortgage,12000,60,632,medium,approved,8400,call_center,true,1719
app_20260501_000000725,2026-06-19 06:04:13,cust_2801907,ES-MD,credit_card,24000,18,743,low,manual_review,24000,branch,true,1031
app_20260501_000000726,2026-06-27 19:13:36,cust_9710196,FR-IDF,credit_card,32000,6,698,medium,rejected,0,partner_api,false,3
app_20260501_000000727,2026-06-27 05:22:16,cust_5728692,DE-HH,bnpl,22500,12,637,medium,manual_review,15749,partner_api,true,320
app_20260501_000000728,2026-07-08 12:32:55,cust_7076299,DE-HH,bnpl,32000,36,682,medium,manual_review,22400,call_center,true,1677
app_20260501_000000729,2026-05-18 16:53:35,cust_7399810,NL-NH,cash_loan,42000,6,583,high,manual_review,37800,call_center,true,658
app_20260501_000000730,2026-06-18 23:18:32,cust_9397558,DE-BE,bnpl,7500,48,828,low,approved,6000,web,true,637
app_20260501_000000731,2026-07-26 19:43:29,cust_8003369,IT-LAZ,car_loan,38500,6,682,medium,approved,34650,partner_api,true,1185
app_20260501_000000732,2026-05-06 22:26:38,cust_8622693,FR-IDF,mortgage,9000,12,690,medium,rejected,0,partner_api,false,23
app_20260501_000000733,2026-05-01 15:24:19,cust_7895714,DE-HE,credit_card,73500,48,703,medium,approved,58800,mobile,false,17
app_20260501_000000734,2026-07-21 08:21:59,cust_7758441,DE-BE,mortgage,15500,60,643,medium,rejected,0,branch,false,13
app_20260501_000000735,2026-06-07 04:36:58,cust_2570266,DE-BY,credit_card,63000,48,746,low,approved,63000,mobile,false,19
app_20260501_000000736,2026-05-18 08:00:32,cust_9023601,FR-IDF,mortgage,63000,36,737,low,approved,44100,branch,true,550
app_20260501_000000737,2026-07-15 11:58:29,cust_9721318,DE-HE,mortgage,38000,12,661,medium,manual_review,38000,partner_api,true,305
app_20260501_000000738,2026-05-20 05:05:44,cust_567685,IT-LAZ,credit_card,79500,36,650,medium,approved,55650,mobile,true,1396
app_20260501_000000739,2026-06-16 02:01:26,cust_7329914,DE-HE,car_loan,46500,12,749,low,approved,37200,web,false,3
app_20260501_000000740,2026-05-26 12:24:03,cust_9799602,DE-BE,mortgage,31500,60,794,low,manual_review,28350,web,true,898
app_20260501_000000741,2026-06-28 00:13:12,cust_8497961,IT-LAZ,credit_card,25000,18,557,high,manual_review,22500,mobile,true,400
app_20260501_000000742,2026-06-05 08:06:50,cust_7942588,IT-LAZ,cash_loan,25500,6,735,low,approved,22950,web,true,949
app_20260501_000000743,2026-06-09 13:53:04,cust_1231538,NL-NH,mortgage,66000,18,722,low,approved,52800,web,false,5
app_20260501_000000744,2026-06-30 11:47:34,cust_985143,DE-BY,car_loan,56500,18,703,medium,manual_review,45200,mobile,true,1207
app_20260501_000000745,2026-06-03 04:39:48,cust_4379773,IT-LAZ,car_loan,28000,24,615,high,rejected,0,web,true,667
app_20260501_000000746,2026-06-21 20:32:08,cust_5007147,DE-NW,mortgage,75000,60,786,low,approved,60000,mobile,true,948
app_20260501_000000747,2026-06-11 17:03:15,cust_5001210,FR-IDF,credit_card,36500,60,644,medium,manual_review,36500,partner_api,true,820
app_20260501_000000748,2026-06-16 16:27:35,cust_5007320,FR-IDF,mortgage,24500,36,703,medium,approved,17150,partner_api,false,10
app_20260501_000000749,2026-07-09 07:09:48,cust_6098869,DE-BY,car_loan,61500,48,738,low,approved,61500,call_center,false,9
app_20260501_000000750,2026-06-26 21:32:42,cust_3317516,DE-NW,car_loan,72000,24,639,medium,approved,72000,mobile,false,5
app_20260501_000000751,2026-07-08 08:26:12,cust_8111342,ES-MD,bnpl,57000,36,592,high,manual_review,45600,mobile,true,1759
app_20260501_000000752,2026-06-17 08:03:37,cust_1918384,DE-BE,cash_loan,30500,60,702,medium,approved,27450,web,true,947
app_20260501_000000753,2026-06-23 14:15:01,cust_4411773,DE-BY,mortgage,54000,12,749,low,approved,43200,mobile,false,10
app_20260501_000000754,2026-07-06 04:29:06,cust_4601974,ES-MD,cash_loan,45000,48,725,low,approved,36000,call_center,false,23
app_20260501_000000755,2026-06-26 02:21:09,cust_7352463,DE-HE,credit_card,15000,12,727,low,manual_review,12000,branch,true,334
app_20260501_000000756,2026-05-22 06:03:38,cust_9796905,DE-HE,bnpl,31000,12,571,high,approved,31000,web,true,1679
app_20260501_000000757,2026-06-17 15:42:48,cust_7925373,ES-MD,credit_card,58500,24,787,low,approved,40950,partner_api,false,8
app_20260501_000000758,2026-05-12 13:57:03,cust_2246896,FR-IDF,mortgage,14000,48,820,low,approved,9800,web,false,25
app_20260501_000000759,2026-06-04 19:12:54,cust_9123069,DE-BY,credit_card,43000,60,706,medium,approved,34400,call_center,true,1357
app_20260501_000000760,2026-06-08 13:35:31,cust_3316239,FR-IDF,credit_card,20000,12,663,medium,approved,14000,call_center,false,5
app_20260501_000000761,2026-07-01 16:40:33,cust_1559548,DE-HH,car_loan,45500,12,526,high,manual_review,36400,mobile,true,626
app_20260501_000000762,2026-06-21 21:52:40,cust_4619534,FR-IDF,bnpl,16000,6,627,medium,approved,11200,web,false,4
app_20260501_000000763,2026-07-02 20:20:53,cust_5373731,DE-NW,credit_card,50500,36,766,low,approved,50500,branch,true,239
app_20260501_000000764,2026-05-31 22:19:21,cust_8654284,NL-NH,car_loan,23000,60,570,high,manual_review,23000,partner_api,true,386
app_20260501_000000765,2026-05-29 12:59:25,cust_3546466,ES-MD,credit_card,50000,48,780,low,approved,40000,mobile,false,23
app_20260501_000000766,2026-06-09 23:55:35,cust_3194580,ES-MD,mortgage,2000,36,455,high,manual_review,2000,mobile,true,813
app_20260501_000000767,2026-07-19 23:02:08,cust_255691,DE-HE,car_loan,3500,60,755,low,approved,2800,call_center,true,1188
app_20260501_000000768,2026-05-19 21:40:47,cust_3485453,DE-NW,car_loan,40500,24,695,medium,manual_review,36450,call_center,true,1508
app_20260501_000000769,2026-07-17 11:10:47,cust_9853481,DE-BY,credit_card,28500,24,689,medium,approved,22800,mobile,false,9
app_20260501_000000770,2026-05-03 15:47:34,cust_2240414,DE-BE,credit_card,30500,12,642,medium,rejected,0,partner_api,false,15
app_20260501_000000771,2026-07-17 17:49:20,cust_462750,DE-HE,credit_card,2000,12,492,high,rejected,0,branch,true,1114
app_20260501_000000772,2026-06-03 05:44:53,cust_7205669,DE-BY,credit_card,1000,48,658,medium,manual_review,800,call_center,true,377
app_20260501_000000773,2026-07-25 13:19:59,cust_5830277,DE-NW,mortgage,20500,24,641,medium,manual_review,20500,mobile,true,973
app_20260501_000000774,2026-07-20 17:16:11,cust_2053679,FR-IDF,credit_card,35500,48,755,low,approved,28400,web,true,1382
app_20260501_000000775,2026-07-07 16:16:32,cust_5329033,ES-MD,mortgage,7500,48,531,high,rejected,0,call_center,true,67
app_20260501_000000776,2026-07-25 08:50:48,cust_4535286,DE-BE,car_loan,53000,12,739,low,approved,42400,call_center,false,21
app_20260501_000000777,2026-06-19 01:13:01,cust_4131747,DE-BY,bnpl,1000,60,823,low,approved,900,web,true,443
app_20260501_000000778,2026-05-31 09:06:05,cust_8970635,NL-NH,car_loan,77500,36,774,low,approved,77500,mobile,false,7
app_20260501_000000779,2026-05-12 06:23:35,cust_4439619,ES-MD,car_loan,10000,6,692,medium,approved,7000,mobile,false,11
app_20260501_000000780,2026-07-25 00:05:25,cust_4023619,DE-BY,credit_card,4000,18,579,high,approved,2800,branch,true,1407
app_20260501_000000781,2026-05-17 10:18:27,cust_5081721,DE-BY,cash_loan,60000,36,746,low,approved,48000,partner_api,false,14
app_20260501_000000782,2026-06-10 07:37:58,cust_9710315,ES-MD,credit_card,37000,12,552,high,rejected,0,partner_api,true,1085
app_20260501_000000783,2026-05-26 05:37:57,cust_3282597,FR-IDF,cash_loan,36000,24,708,medium,approved,36000,web,false,12
app_20260501_000000784,2026-07-05 00:59:23,cust_3107520,DE-HE,bnpl,52500,60,645,medium,approved,47250,web,false,6
app_20260501_000000785,2026-05-01 13:38:31,cust_1584947,NL-NH,mortgage,10500,24,629,medium,manual_review,7349,branch,true,586
app_20260501_000000786,2026-05-04 05:28:58,cust_4516481,ES-MD,credit_card,25500,6,590,high,approved,22950,branch,true,1676
app_20260501_000000787,2026-05-26 03:03:05,cust_7851885,FR-IDF,cash_loan,15500,24,616,high,rejected,0,partner_api,true,1593
app_20260501_000000788,2026-05-10 17:28:38,cust_7693921,ES-MD,mortgage,51500,48,649,medium,manual_review,46350,web,true,1571
app_20260501_000000789,2026-06-02 01:58:23,cust_458477,FR-IDF,bnpl,29500,36,615,high,manual_review,20650,call_center,true,820
app_20260501_000000790,2026-05-23 06:31:59,cust_1457580,NL-NH,bnpl,24500,24,764,low,manual_review,24500,web,true,1368
app_20260501_000000791,2026-06-20 20:16:48,cust_4903928,ES-MD,car_loan,45000,6,759,low,approved,40500,call_center,false,8
app_20260501_000000792,2026-07-10 21:36:29,cust_5030892,DE-HE,cash_loan,37500,48,646,medium,approved,30000,mobile,false,4
app_20260501_000000793,2026-06-24 02:30:29,cust_355061,DE-BY,mortgage,15500,60,596,high,manual_review,12400,mobile,true,862
app_20260501_000000794,2026-07-07 22:57:53,cust_7428808,DE-HE,bnpl,53500,48,637,medium,rejected,0,web,false,24
app_20260501_000000795,2026-05-04 10:36:19,cust_8087026,NL-NH,bnpl,53000,36,600,high,manual_review,42400,web,true,1551
app_20260501_000000796,2026-05-01 03:03:02,cust_9951679,FR-IDF,car_loan,17500,48,736,low,approved,15750,mobile,true,633
app_20260501_000000797,2026-05-10 12:52:43,cust_2565722,ES-MD,bnpl,43000,18,670,medium,manual_review,34400,web,true,171
app_20260501_000000798,2026-05-18 16:19:23,cust_7737633,DE-NW,cash_loan,39500,36,657,medium,approved,39500,partner_api,false,11
app_20260501_000000799,2026-06-11 15:03:23,cust_3064703,FR-IDF,car_loan,23500,24,772,low,approved,18800,branch,false,5
app_20260501_000000800,2026-06-20 15:09:34,cust_8280784,DE-HE,credit_card,25000,24,543,high,manual_review,25000,web,true,530
app_20260501_000000801,2026-06-09 22:16:46,cust_4994119,IT-LAZ,cash_loan,47500,48,649,medium,manual_review,47500,call_center,true,1512
app_20260501_000000802,2026-07-04 07:09:17,cust_5421654,DE-HH,cash_loan,62000,24,675,medium,approved,43400,call_center,true,352
app_20260501_000000803,2026-06-15 03:04:50,cust_5310697,DE-HE,cash_loan,31500,60,729,low,manual_review,31500,partner_api,true,216
app_20260501_000000804,2026-06-28 09:39:55,cust_9491641,FR-IDF,car_loan,69500,24,690,medium,approved,62550,web,false,21
app_20260501_000000805,2026-05-11 08:37:09,cust_3875058,FR-IDF,car_loan,40500,6,709,medium,approved,28350,web,true,325
app_20260501_000000806,2026-05-14 23:57:42,cust_1189080,DE-NW,mortgage,10500,60,784,low,rejected,0,mobile,true,1319
app_20260501_000000807,2026-07-21 04:30:02,cust_7211724,ES-MD,mortgage,32000,48,832,low,manual_review,22400,partner_api,true,1274
app_20260501_000000808,2026-07-16 22:19:18,cust_3644185,DE-HE,cash_loan,47500,6,550,high,manual_review,47500,call_center,true,831
app_20260501_000000809,2026-07-18 01:08:22,cust_3150734,DE-BY,cash_loan,5500,6,593,high,manual_review,4400,mobile,true,384
app_20260501_000000810,2026-06-07 01:49:46,cust_3384033,DE-BY,credit_card,27500,12,824,low,approved,22000,call_center,false,3
app_20260501_000000811,2026-05-31 03:50:57,cust_7833951,DE-NW,cash_loan,17500,12,655,medium,manual_review,15750,call_center,true,1748
app_20260501_000000812,2026-05-24 18:48:08,cust_4825369,DE-HH,bnpl,14500,48,740,low,approved,13050,web,false,24
app_20260501_000000813,2026-07-25 19:15:05,cust_4409190,DE-HE,credit_card,2500,6,721,low,approved,1750,web,false,13
app_20260501_000000814,2026-06-13 08:25:38,cust_803828,NL-NH,cash_loan,76000,36,678,medium,rejected,0,web,true,1160
app_20260501_000000815,2026-07-08 04:09:11,cust_3997136,DE-HE,car_loan,47500,12,645,medium,approved,33250,call_center,false,19
app_20260501_000000816,2026-07-10 15:17:09,cust_349064,ES-MD,mortgage,73000,6,788,low,approved,51100,branch,false,4
app_20260501_000000817,2026-06-22 04:07:03,cust_6336715,DE-BY,mortgage,43500,36,679,medium,rejected,0,call_center,true,1214
app_20260501_000000818,2026-07-08 00:23:03,cust_8950279,IT-LAZ,credit_card,49000,60,415,high,manual_review,34300,web,true,757
app_20260501_000000819,2026-06-27 11:20:36,cust_5964780,FR-IDF,bnpl,77000,18,665,medium,manual_review,77000,web,true,750
app_20260501_000000820,2026-07-24 05:13:30,cust_9874056,FR-IDF,cash_loan,40500,48,678,medium,approved,32400,partner_api,true,543
app_20260501_000000821,2026-07-01 07:10:36,cust_2558314,DE-BE,mortgage,70000,60,595,high,manual_review,70000,web,true,763
app_20260501_000000822,2026-05-13 16:29:01,cust_4848928,NL-NH,car_loan,70500,24,537,high,manual_review,63450,mobile,true,1740
app_20260501_000000823,2026-06-08 13:04:37,cust_3934402,DE-BE,mortgage,79000,12,660,medium,approved,79000,mobile,true,873
app_20260501_000000824,2026-06-02 03:31:00,cust_4550886,DE-HH,mortgage,60000,48,684,medium,approved,42000,web,false,10
app_20260501_000000825,2026-05-21 12:17:25,cust_4605877,ES-MD,credit_card,51000,24,740,low,approved,35700,branch,false,7
app_20260501_000000826,2026-06-24 18:18:45,cust_2440607,ES-MD,credit_card,43500,36,496,high,manual_review,39150,branch,true,1516
app_20260501_000000827,2026-05-10 04:28:34,cust_7581783,DE-BE,mortgage,16500,36,705,medium,rejected,0,mobile,false,18
app_20260501_000000828,2026-06-27 19:47:41,cust_6718706,FR-IDF,bnpl,41500,36,758,low,approved,33200,branch,false,25
app_20260501_000000829,2026-07-06 07:23:13,cust_8411867,DE-NW,cash_loan,18500,24,760,low,approved,12950,call_center,true,1001
app_20260501_000000830,2026-07-23 13:30:11,cust_5741849,FR-IDF,credit_card,44500,36,722,low,approved,44500,mobile,false,16
app_20260501_000000831,2026-06-13 21:39:26,cust_1380639,ES-MD,car_loan,58000,12,758,low,approved,40600,mobile,true,193
app_20260501_000000832,2026-07-17 10:34:50,cust_5716698,IT-LAZ,bnpl,49500,36,683,medium,manual_review,49500,partner_api,true,1696
app_20260501_000000833,2026-07-05 08:06:15,cust_356175,IT-LAZ,bnpl,35500,60,726,low,approved,28400,partner_api,false,3
app_20260501_000000834,2026-05-06 07:32:09,cust_5177072,ES-MD,bnpl,42000,36,750,low,approved,29399,mobile,false,6
app_20260501_000000835,2026-07-25 17:53:12,cust_5643671,IT-LAZ,credit_card,8000,36,581,high,manual_review,7200,web,true,563
app_20260501_000000836,2026-06-23 10:29:25,cust_9614881,DE-HE,credit_card,65000,24,666,medium,manual_review,52000,branch,true,806
app_20260501_000000837,2026-07-13 01:56:53,cust_8622978,DE-NW,credit_card,60000,24,667,medium,manual_review,48000,call_center,true,437
app_20260501_000000838,2026-05-03 07:30:01,cust_2379123,IT-LAZ,mortgage,67500,6,490,high,rejected,0,web,true,1039
app_20260501_000000839,2026-05-27 07:49:50,cust_6968905,DE-NW,mortgage,22000,60,717,medium,approved,17600,web,true,788
app_20260501_000000840,2026-05-13 16:07:20,cust_2616087,DE-BE,mortgage,42500,48,594,high,approved,42500,branch,true,238
app_20260501_000000841,2026-06-09 04:19:33,cust_6477853,NL-NH,cash_loan,51500,6,738,low,manual_review,51500,call_center,true,1327
app_20260501_000000842,2026-05-12 07:20:35,cust_9894970,ES-MD,car_loan,52000,6,606,high,manual_review,41600,web,true,842
app_20260501_000000843,2026-05-30 00:08:25,cust_1551036,DE-HE,bnpl,44500,48,666,medium,manual_review,40050,web,true,905
app_20260501_000000844,2026-05-20 17:32:22,cust_2879100,FR-IDF,car_loan,8000,36,639,medium,manual_review,7200,branch,true,1255
app_20260501_000000845,2026-06-12 12:26:53,cust_2089759,IT-LAZ,mortgage,53500,60,672,medium,manual_review,42800,mobile,true,1669
app_20260501_000000846,2026-07-10 16:48:07,cust_5584262,DE-NW,credit_card,42500,36,653,medium,manual_review,34000,mobile,true,1389
app_20260501_000000847,2026-07-05 12:53:42,cust_50740,DE-BY,credit_card,15500,6,632,medium,manual_review,10850,mobile,true,537
app_20260501_000000848,2026-05-22 06:34:50,cust_9139810,ES-MD,bnpl,78500,48,744,low,rejected,0,web,false,12
app_20260501_000000849,2026-06-09 07:15:59,cust_6424543,DE-HE,mortgage,64000,18,645,medium,manual_review,44800,web,true,1450
app_20260501_000000850,2026-06-06 17:55:30,cust_3871766,DE-BY,mortgage,18000,12,740,low,approved,16200,branch,false,23
app_20260501_000000851,2026-05-27 00:46:38,cust_2658078,DE-HH,credit_card,63500,24,428,high,rejected,0,web,true,1351
app_20260501_000000852,2026-07-02 20:28:47,cust_6963351,NL-NH,car_loan,71000,6,736,low,rejected,0,web,false,20
app_20260501_000000853,2026-06-01 00:10:29,cust_9514288,NL-NH,cash_loan,69500,24,700,medium,approved,48650,mobile,false,4
app_20260501_000000854,2026-06-14 12:53:01,cust_414510,NL-NH,mortgage,56000,48,640,medium,rejected,0,mobile,false,9
app_20260501_000000855,2026-05-16 20:15:06,cust_5865626,NL-NH,car_loan,33500,36,508,high,manual_review,30150,web,true,1025
app_20260501_000000856,2026-06-23 03:38:06,cust_8931587,FR-IDF,bnpl,75500,24,653,medium,approved,67950,call_center,false,20
app_20260501_000000857,2026-05-09 11:35:23,cust_2995803,ES-MD,mortgage,73500,12,748,low,approved,66150,branch,false,6
app_20260501_000000858,2026-07-28 15:35:58,cust_3780113,DE-HE,car_loan,22500,6,713,medium,rejected,0,branch,true,365
app_20260501_000000859,2026-05-09 14:17:20,cust_4818641,DE-NW,credit_card,18500,18,714,medium,manual_review,12950,partner_api,true,208
app_20260501_000000860,2026-06-03 03:18:41,cust_189030,DE-BY,credit_card,27000,6,788,low,approved,21600,partner_api,false,8
app_20260501_000000861,2026-06-10 20:45:23,cust_7856291,DE-NW,bnpl,52500,12,620,medium,approved,47250,partner_api,false,6
app_20260501_000000862,2026-06-29 06:07:52,cust_3952095,NL-NH,mortgage,30000,36,575,high,rejected,0,call_center,true,1542
app_20260501_000000863,2026-07-02 09:52:53,cust_1810508,NL-NH,credit_card,62500,60,650,medium,approved,62500,mobile,true,674
app_20260501_000000864,2026-06-03 19:53:28,cust_6276677,NL-NH,mortgage,53000,18,805,low,approved,42400,mobile,true,1374
app_20260501_000000865,2026-06-21 02:27:35,cust_8664146,DE-NW,mortgage,17500,36,502,high,rejected,0,partner_api,true,129
app_20260501_000000866,2026-06-02 08:46:04,cust_8751340,DE-HH,bnpl,32000,6,668,medium,manual_review,32000,mobile,true,271
app_20260501_000000867,2026-07-14 00:15:34,cust_3085927,DE-BE,bnpl,32500,18,617,high,rejected,0,web,true,1524
app_20260501_000000868,2026-07-22 08:41:03,cust_9768543,NL-NH,cash_loan,68500,12,698,medium,manual_review,47950,web,true,1488
app_20260501_000000869,2026-06-24 03:09:37,cust_5661025,DE-BE,mortgage,58500,12,734,low,approved,58500,call_center,false,12
app_20260501_000000870,2026-07-12 04:48:22,cust_2791746,NL-NH,mortgage,11000,36,592,high,rejected,0,web,true,1289
app_20260501_000000871,2026-06-21 06:07:27,cust_7037484,FR-IDF,credit_card,71000,24,677,medium,approved,63900,call_center,false,24
app_20260501_000000872,2026-06-14 06:53:08,cust_7455440,DE-HE,car_loan,9500,12,763,low,approved,7600,mobile,true,565
app_20260501_000000873,2026-07-15 07:38:55,cust_5694318,IT-LAZ,bnpl,49500,12,670,medium,approved,49500,branch,false,11
app_20260501_000000874,2026-06-01 13:23:26,cust_720064,DE-BY,credit_card,35500,36,673,medium,manual_review,28400,partner_api,true,885
app_20260501_000000875,2026-05-22 14:25:14,cust_7854745,DE-NW,car_loan,26000,6,808,low,manual_review,23400,mobile,true,585
app_20260501_000000876,2026-07-25 13:53:48,cust_8429184,ES-MD,cash_loan,52000,60,619,high,manual_review,52000,call_center,true,307
app_20260501_000000877,2026-05-09 22:45:24,cust_1637014,IT-LAZ,mortgage,79500,6,546,high,rejected,0,partner_api,true,1371
app_20260501_000000878,2026-06-28 04:09:17,cust_1423304,DE-HH,cash_loan,24000,24,691,medium,manual_review,19200,mobile,true,397
app_20260501_000000879,2026-05-06 21:23:00,cust_9011358,NL-NH,credit_card,39500,60,602,high,rejected,0,mobile,true,915
app_20260501_000000880,2026-06-16 00:36:02,cust_6644943,DE-BY,mortgage,47000,18,700,medium,manual_review,32900,branch,true,1642
app_20260501_000000881,2026-05-26 02:18:53,cust_913790,NL-NH,cash_loan,15000,24,648,medium,approved,10500,partner_api,true,1034
app_20260501_000000882,2026-06-25 08:12:21,cust_9745190,FR-IDF,credit_card,55000,24,664,medium,approved,55000,mobile,false,6
app_20260501_000000883,2026-05-09 14:12:14,cust_8132010,IT-LAZ,cash_loan,16000,60,764,low,approved,14400,mobile,false,15
app_20260501_000000884,2026-05-05 02:42:54,cust_1322324,DE-HE,cash_loan,28000,6,625,medium,manual_review,25200,mobile,true,280
app_20260501_000000885,2026-06-06 18:45:18,cust_3819962,NL-NH,car_loan,39000,6,614,high,approved,35100,branch,true,1009
app_20260501_000000886,2026-06-14 01:27:03,cust_4311087,IT-LAZ,bnpl,42500,12,687,medium,approved,38250,partner_api,false,8
app_20260501_000000887,2026-06-17 17:57:37,cust_6528773,NL-NH,bnpl,61000,24,556,high,manual_review,61000,call_center,true,262
app_20260501_000000888,2026-05-19 17:06:52,cust_8365838,DE-BE,bnpl,48000,60,850,low,approved,43200,web,false,16
app_20260501_000000889,2026-07-01 23:17:35,cust_3986797,IT-LAZ,bnpl,33500,18,640,medium,approved,23450,branch,false,20
app_20260501_000000890,2026-07-16 14:34:14,cust_6661685,FR-IDF,cash_loan,19000,12,846,low,approved,15200,branch,true,723
app_20260501_000000891,2026-07-14 05:59:16,cust_9005789,DE-BY,credit_card,29500,60,501,high,rejected,0,branch,true,575
app_20260501_000000892,2026-05-09 00:03:08,cust_4834036,DE-BY,car_loan,24500,6,835,low,approved,22050,web,false,22
app_20260501_000000893,2026-06-01 00:05:52,cust_8657695,DE-HE,cash_loan,14000,24,443,high,rejected,0,call_center,true,897
app_20260501_000000894,2026-05-14 22:41:12,cust_985947,DE-BE,mortgage,49500,48,654,medium,approved,44550,partner_api,true,718
app_20260501_000000895,2026-07-15 19:03:04,cust_9239941,DE-HE,cash_loan,74500,48,498,high,manual_review,52150,mobile,true,1715
app_20260501_000000896,2026-05-11 08:10:40,cust_4450847,DE-BY,mortgage,55000,24,660,medium,approved,44000,partner_api,true,533
app_20260501_000000897,2026-06-15 21:18:08,cust_3397979,DE-HH,credit_card,31000,36,655,medium,manual_review,31000,web,true,1740
app_20260501_000000898,2026-07-25 18:33:32,cust_5470670,DE-NW,credit_card,54000,6,592,high,manual_review,48600,partner_api,true,131
app_20260501_000000899,2026-05-30 18:27:02,cust_691586,FR-IDF,bnpl,31000,60,725,low,manual_review,27900,branch,true,183
app_20260501_000000900,2026-06-07 04:46:12,cust_2572437,DE-BE,car_loan,37500,24,659,medium,approved,37500,mobile,true,132
app_20260501_000000901,2026-06-06 19:13:36,cust_6785621,NL-NH,bnpl,59500,24,564,high,manual_review,59500,branch,true,827
app_20260501_000000902,2026-06-26 23:51:57,cust_7824863,DE-HE,cash_loan,30000,60,738,low,approved,21000,branch,false,21
app_20260501_000000903,2026-05-04 10:21:21,cust_9591758,DE-HH,credit_card,30500,12,685,medium,rejected,0,web,false,22
app_20260501_000000904,2026-07-19 04:47:15,cust_9956957,FR-IDF,credit_card,43500,18,681,medium,approved,43500,mobile,false,7
app_20260501_000000905,2026-05-27 08:11:14,cust_8559698,DE-NW,bnpl,17500,12,723,low,approved,12250,branch,false,17
app_20260501_000000906,2026-06-14 17:28:54,cust_9825535,FR-IDF,car_loan,6000,24,568,high,manual_review,6000,call_center,true,1260
app_20260501_000000907,2026-06-06 04:37:17,cust_9393927,DE-NW,car_loan,17500,48,659,medium,manual_review,14000,partner_api,true,1667
app_20260501_000000908,2026-06-18 22:18:05,cust_7715923,DE-BY,bnpl,25000,24,706,medium,manual_review,20000,partner_api,true,906
app_20260501_000000909,2026-07-26 12:34:22,cust_9041756,DE-HH,credit_card,6500,12,654,medium,approved,4550,mobile,false,18
app_20260501_000000910,2026-05-28 04:15:47,cust_9785723,DE-NW,credit_card,73500,18,588,high,rejected,0,mobile,true,130
app_20260501_000000911,2026-07-11 11:04:09,cust_173858,NL-NH,mortgage,78500,48,583,high,manual_review,78500,call_center,true,1608
app_20260501_000000912,2026-05-16 07:50:26,cust_4024219,IT-LAZ,cash_loan,68500,18,724,low,approved,68500,mobile,false,17
app_20260501_000000913,2026-06-24 03:08:50,cust_871971,DE-NW,cash_loan,38500,18,760,low,approved,38500,partner_api,true,1615
app_20260501_000000914,2026-06-10 23:16:21,cust_9136419,DE-HE,bnpl,54000,24,713,medium,manual_review,54000,branch,true,896
app_20260501_000000915,2026-06-13 02:33:51,cust_2928122,DE-HH,mortgage,62500,6,694,medium,approved,56250,web,false,4
app_20260501_000000916,2026-07-25 15:36:56,cust_2194008,DE-BE,mortgage,53500,24,538,high,rejected,0,web,true,1158
app_20260501_000000917,2026-06-27 08:14:02,cust_7264555,DE-BY,car_loan,23000,36,608,high,rejected,0,partner_api,true,645
app_20260501_000000918,2026-07-12 15:05:17,cust_2165703,DE-NW,credit_card,8000,12,815,low,approved,6400,branch,false,8
app_20260501_000000919,2026-05-06 03:43:05,cust_1277784,DE-HE,cash_loan,77500,24,687,medium,approved,69750,web,false,4
app_20260501_000000920,2026-05-24 07:28:26,cust_2168437,DE-NW,credit_card,57000,48,695,medium,rejected,0,web,false,13
app_20260501_000000921,2026-05-24 10:37:49,cust_5241441,FR-IDF,bnpl,55500,12,706,medium,approved,55500,mobile,false,9
app_20260501_000000922,2026-06-02 16:04:15,cust_4244414,NL-NH,mortgage,25500,12,470,high,rejected,0,call_center,true,307
app_20260501_000000923,2026-06-22 03:29:03,cust_2807091,FR-IDF,bnpl,17500,6,812,low,approved,12250,mobile,false,22
app_20260501_000000924,2026-06-06 19:48:25,cust_3428983,FR-IDF,credit_card,78000,36,662,medium,approved,70200,web,false,13
app_20260501_000000925,2026-07-23 04:35:59,cust_6807826,DE-HH,credit_card,16500,48,723,low,approved,13200,mobile,false,22
app_20260501_000000926,2026-07-18 04:24:01,cust_3446595,FR-IDF,bnpl,60500,24,730,low,approved,42350,call_center,true,1693
app_20260501_000000927,2026-05-15 23:38:07,cust_3532669,DE-BY,mortgage,41000,24,772,low,approved,41000,call_center,false,18
app_20260501_000000928,2026-05-06 05:37:21,cust_4138753,DE-HE,mortgage,25500,60,637,medium,rejected,0,branch,true,1454
app_20260501_000000929,2026-07-23 12:31:54,cust_4121129,ES-MD,credit_card,72500,6,691,medium,approved,72500,mobile,false,20
app_20260501_000000930,2026-06-16 19:59:04,cust_2978666,DE-NW,bnpl,64000,48,577,high,rejected,0,web,true,1217
app_20260501_000000931,2026-05-09 10:23:43,cust_2136461,DE-BY,bnpl,21500,18,657,medium,approved,21500,partner_api,false,21
app_20260501_000000932,2026-07-28 16:13:57,cust_2950877,FR-IDF,cash_loan,54000,6,591,high,rejected,0,partner_api,true,1117
app_20260501_000000933,2026-05-06 01:02:06,cust_5963578,DE-HH,mortgage,30500,36,631,medium,manual_review,24400,partner_api,true,1142
app_20260501_000000934,2026-07-25 01:00:04,cust_5945664,ES-MD,mortgage,66000,36,694,medium,approved,46200,branch,false,4
app_20260501_000000935,2026-07-04 16:17:57,cust_3286237,IT-LAZ,mortgage,23000,60,555,high,rejected,0,partner_api,true,200
app_20260501_000000936,2026-07-12 23:18:36,cust_7722512,DE-HH,bnpl,58500,48,509,high,approved,58500,web,true,1486
app_20260501_000000937,2026-06-04 00:10:47,cust_9900406,DE-BY,car_loan,15500,24,502,high,rejected,0,web,true,281
app_20260501_000000938,2026-05-02 20:11:06,cust_6484472,DE-HE,mortgage,18500,24,639,medium,approved,18500,partner_api,true,1334
app_20260501_000000939,2026-05-15 02:33:54,cust_6891408,IT-LAZ,credit_card,15000,24,689,medium,approved,13500,web,true,1659
app_20260501_000000940,2026-07-21 11:48:44,cust_8110401,NL-NH,cash_loan,31000,60,709,medium,approved,24800,call_center,false,11
app_20260501_000000941,2026-05-24 08:39:37,cust_857379,DE-BE,mortgage,43500,24,705,medium,manual_review,30449,partner_api,true,232
app_20260501_000000942,2026-06-18 21:14:34,cust_6422106,DE-NW,bnpl,17500,48,802,low,approved,17500,branch,false,7
app_20260501_000000943,2026-06-12 15:00:40,cust_571391,DE-BY,credit_card,69500,48,673,medium,approved,48650,partner_api,false,5
app_20260501_000000944,2026-05-16 04:02:45,cust_8080202,FR-IDF,bnpl,36500,48,537,high,rejected,0,call_center,true,676
app_20260501_000000945,2026-06-22 03:29:50,cust_3682841,FR-IDF,credit_card,4500,24,647,medium,approved,4500,web,false,6
app_20260501_000000946,2026-06-10 11:49:55,cust_2911648,DE-BY,mortgage,15000,6,850,low,approved,13500,web,true,192
app_20260501_000000947,2026-05-24 05:41:28,cust_5775679,NL-NH,cash_loan,65500,24,530,high,manual_review,45850,web,true,1401
app_20260501_000000948,2026-07-19 23:48:44,cust_3890182,ES-MD,cash_loan,44500,12,596,high,manual_review,44500,web,true,301
app_20260501_000000949,2026-07-29 09:49:11,cust_902096,DE-BE,car_loan,64500,24,608,high,manual_review,51600,call_center,true,1641
app_20260501_000000950,2026-05-17 22:20:59,cust_8411945,DE-NW,car_loan,78000,60,687,medium,approved,78000,partner_api,false,10
app_20260501_000000951,2026-06-22 12:10:07,cust_1528015,IT-LAZ,credit_card,71500,6,572,high,rejected,0,branch,true,172
app_20260501_000000952,2026-05-16 07:21:52,cust_9201122,DE-HE,car_loan,70500,6,746,low,approved,63450,web,false,24
app_20260501_000000953,2026-06-25 08:50:32,cust_1949557,ES-MD,credit_card,49500,60,672,medium,manual_review,34650,branch,true,1478
app_20260501_000000954,2026-07-21 00:42:53,cust_6692946,DE-HH,car_loan,50000,36,817,low,approved,40000,partner_api,true,759
app_20260501_000000955,2026-06-27 03:31:18,cust_49410,IT-LAZ,cash_loan,16500,60,781,low,approved,14850,web,true,93
app_20260501_000000956,2026-05-14 03:36:51,cust_5426011,DE-BE,car_loan,64500,48,606,high,manual_review,51600,mobile,true,168
app_20260501_000000957,2026-05-23 09:11:27,cust_6031436,DE-BY,credit_card,73500,60,640,medium,rejected,0,partner_api,true,326
app_20260501_000000958,2026-06-17 15:18:34,cust_2756960,DE-HE,cash_loan,4000,12,582,high,approved,3600,web,true,1637
app_20260501_000000959,2026-06-09 23:59:05,cust_5165807,NL-NH,bnpl,64500,24,557,high,rejected,0,partner_api,true,1010
app_20260501_000000960,2026-07-19 02:41:20,cust_8462634,DE-HH,cash_loan,30000,24,542,high,rejected,0,partner_api,true,1537
app_20260501_000000961,2026-05-15 16:06:20,cust_5949515,DE-BE,credit_card,55500,48,718,medium,approved,38850,branch,false,6
app_20260501_000000962,2026-05-08 03:46:47,cust_3066553,IT-LAZ,car_loan,56500,6,707,medium,approved,39550,call_center,true,825
app_20260501_000000963,2026-05-17 20:57:58,cust_9215246,DE-BE,bnpl,35500,24,742,low,approved,35500,call_center,false,12
app_20260501_000000964,2026-05-14 11:22:55,cust_9628033,DE-BE,cash_loan,15000,18,653,medium,rejected,0,mobile,true,1216
app_20260501_000000965,2026-05-19 13:02:51,cust_2469401,ES-MD,credit_card,16000,36,654,medium,rejected,0,mobile,false,14
app_20260501_000000966,2026-05-16 14:27:20,cust_550717,DE-HE,mortgage,27500,6,453,high,manual_review,22000,branch,true,1606
app_20260501_000000967,2026-05-26 13:56:58,cust_6870375,DE-HH,credit_card,65500,6,778,low,approved,58950,web,true,745
app_20260501_000000968,2026-06-19 07:33:31,cust_5327089,FR-IDF,cash_loan,19500,48,580,high,rejected,0,branch,true,985
app_20260501_000000969,2026-07-28 07:54:06,cust_2187188,DE-BY,car_loan,55500,48,850,low,manual_review,55500,web,true,221
app_20260501_000000970,2026-07-02 17:45:10,cust_5765833,FR-IDF,car_loan,2000,48,788,low,approved,1400,mobile,false,25
app_20260501_000000971,2026-07-11 10:25:59,cust_5610947,FR-IDF,mortgage,46000,12,765,low,approved,36800,mobile,false,19
app_20260501_000000972,2026-06-20 06:07:29,cust_6841210,FR-IDF,credit_card,67000,24,745,low,manual_review,46900,call_center,true,1284
app_20260501_000000973,2026-06-19 10:48:30,cust_8544438,FR-IDF,mortgage,60500,24,733,low,approved,60500,branch,false,17
app_20260501_000000974,2026-06-27 02:06:59,cust_5460734,DE-HH,cash_loan,12000,60,552,high,rejected,0,partner_api,true,1334
app_20260501_000000975,2026-06-05 20:36:43,cust_3984324,DE-HE,car_loan,77500,60,830,low,approved,62000,mobile,false,19
app_20260501_000000976,2026-06-28 13:28:05,cust_7255081,NL-NH,cash_loan,1000,60,519,high,approved,800,web,true,1128
app_20260501_000000977,2026-06-19 22:44:27,cust_4360790,DE-HH,bnpl,28000,60,675,medium,manual_review,28000,call_center,true,991
app_20260501_000000978,2026-07-06 21:04:30,cust_1710594,DE-BE,credit_card,76500,36,672,medium,manual_review,76500,call_center,true,128
app_20260501_000000979,2026-06-30 21:53:59,cust_2198887,DE-HE,car_loan,1000,48,612,high,rejected,0,branch,true,535
app_20260501_000000980,2026-06-10 21:43:35,cust_7276865,NL-NH,cash_loan,27500,60,755,low,approved,24750,web,true,1162
app_20260501_000000981,2026-06-11 11:09:50,cust_7685503,NL-NH,car_loan,76500,12,603,high,manual_review,61200,partner_api,true,564
app_20260501_000000982,2026-06-04 14:15:54,cust_9420519,DE-NW,car_loan,69000,6,760,low,approved,55200,mobile,false,19
app_20260501_000000983,2026-06-10 03:41:46,cust_5235220,DE-BY,car_loan,76000,60,692,medium,manual_review,60800,branch,true,1130
app_20260501_000000984,2026-05-04 09:25:48,cust_1001867,DE-HH,credit_card,12000,60,612,high,manual_review,8400,partner_api,true,1527
app_20260501_000000985,2026-06-19 04:34:20,cust_8817043,DE-HH,credit_card,57500,48,718,medium,manual_review,40250,mobile,true,1247
app_20260501_000000986,2026-07-14 13:11:19,cust_5949343,ES-MD,credit_card,30000,60,666,medium,rejected,0,mobile,true,824
app_20260501_000000987,2026-07-07 19:25:25,cust_1666169,DE-BE,bnpl,16500,24,809,low,approved,13200,mobile,true,519
app_20260501_000000988,2026-05-29 16:11:50,cust_395198,FR-IDF,credit_card,67500,36,850,low,approved,60750,partner_api,true,170
app_20260501_000000989,2026-06-06 23:18:13,cust_1142921,NL-NH,bnpl,7500,36,636,medium,manual_review,7500,web,true,512
app_20260501_000000990,2026-06-16 06:28:36,cust_9072959,DE-HH,bnpl,50500,6,803,low,manual_review,50500,partner_api,true,1597
app_20260501_000000991,2026-06-28 15:57:31,cust_9574255,IT-LAZ,bnpl,35000,12,802,low,approved,28000,branch,false,6
app_20260501_000000992,2026-07-13 11:22:28,cust_6318365,DE-HE,mortgage,20000,60,593,high,rejected,0,partner_api,true,1210
app_20260501_000000993,2026-07-27 01:08:02,cust_170510,DE-BE,mortgage,41500,48,745,low,manual_review,33200,branch,true,813
app_20260501_000000994,2026-05-22 09:30:37,cust_8615535,IT-LAZ,bnpl,37500,60,679,medium,approved,37500,call_center,true,1245
app_20260501_000000995,2026-06-17 21:47:40,cust_4697588,DE-BY,bnpl,19000,60,739,low,approved,17100,web,false,16
app_20260501_000000996,2026-05-29 20:39:04,cust_1396227,FR-IDF,mortgage,78500,60,656,medium,rejected,0,branch,false,5
app_20260501_000000997,2026-06-27 18:43:06,cust_7949908,ES-MD,mortgage,28000,48,767,low,approved,19600,mobile,false,16
app_20260501_000000998,2026-05-31 23:42:58,cust_3069242,DE-NW,credit_card,78000,6,720,low,approved,70200,web,false,19
app_20260501_000000999,2026-06-04 03:52:45,cust_9210856,IT-LAZ,car_loan,49000,24,710,medium,approved,49000,partner_api,true,317
app_20260501_000001000,2026-06-24 13:13:54,cust_7677778,DE-HH,credit_card,30000,60,763,low,approved,24000,web,false,7
